us_state,county,poverty_estimate,poverty_percentage
VA,Loudoun,11895,3.01
CO,Douglas,10574,3.2
VA,Falls Church city,498,3.4
SD,Lincoln,1956,3.5
NM,Los Alamos,691,3.7
IN,Hamilton,12284,3.8
NJ,Hunterdon,4793,3.9
TN,Williamson,8667,3.9
MN,Carver,4046,4.01
MN,Scott,5759,4.01
UT,Morgan,488,4.1
MN,Washington,10617,4.2
AK,Skagway Municipality,50,4.3
MN,Sherburne,3931,4.3
IA,Dallas,3834,4.4
WI,St. Croix,3944,4.5
CO,Broomfield,3092,4.6
VA,Stafford,6522,4.6
OH,Warren,10548,4.7
IL,Kendall,5993,4.8
OH,Delaware,9502,4.8
WI,Waukesha,19090,4.8
CO,Elbert,1257,4.9
IL,Monroe,1644,4.9
NJ,Morris,24225,4.9
UT,Summit,1988,4.9
WI,Ozaukee,4244,4.9
MD,Carroll,8298,5.01
VA,York,3321,5.01
VA,Poquoson city,600,5.01
IN,Hendricks,8120,5.1
KY,Oldham,3106,5.1
NE,Sarpy,9108,5.1
NH,Rockingham,15533,5.1
OH,Union,2780,5.2
UT,Wasatch,1648,5.2
GA,Forsyth,11978,5.3
KS,Johnson,30974,5.3
MI,Livingston,9991,5.3
MO,St. Charles,20661,5.3
NJ,Somerset,17396,5.3
NJ,Sussex,7372,5.3
TX,Rockwall,5039,5.3
WI,Washington,7124,5.3
MN,Anoka,18795,5.4
MN,Wright,7204,5.4
NY,Putnam,5305,5.4
UT,Davis,18584,5.4
VA,Hanover,5655,5.4
VA,Powhatan,1488,5.4
WI,Calumet,2706,5.4
IN,Hancock,4075,5.5
VA,New Kent,1165,5.5
GA,Fayette,6424,5.7
IN,Boone,3707,5.7
MA,Nantucket,637,5.7
VA,Arlington,13284,5.7
VA,Fauquier,3947,5.7
IL,Woodford,2179,5.8
MN,Dakota,24329,5.8
MN,Dodge,1202,5.8
PA,Montgomery,47041,5.8
WY,Teton,1348,5.8
CO,Pitkin,1048,5.9
IA,Grundy,716,5.9
MD,Howard,18895,5.9
TX,Collin,56725,5.9
MD,Calvert,5415,6.01
NE,Cass,1517,6.01
OH,Medina,10629,6.01
IL,McHenry,18686,6.1
IA,Warren,2950,6.1
MD,Anne Arundel,34314,6.1
MN,Chisago,3305,6.1
PA,Bucks,38058,6.1
SD,Union,903,6.1
TX,Williamson,32931,6.1
VA,Goochland,1340,6.1
VA,Prince William,28074,6.1
IL,DuPage,56794,6.2
MO,Platte,6187,6.2
NY,Nassau,83380,6.2
ND,Mercer,518,6.2
IL,Piatt,1025,6.3
PA,Chester,31826,6.3
CA,San Mateo,48795,6.4
OH,Geauga,5933,6.4
OH,Putnam,2146,6.4
VA,Botetourt,2102,6.4
GA,Oconee,2477,6.5
NE,Hamilton,585,6.5
NJ,Burlington,28202,6.5
GA,Columbia,9942,6.6
NJ,Bergen,62037,6.6
NY,Saratoga,14898,6.6
ND,Williams,2184,6.6
WY,Sublette,643,6.6
MD,Frederick,16626,6.7
MA,Norfolk,45495,6.7
NJ,Gloucester,19238,6.7
UT,Daggett,69,6.7
VA,Chesterfield,22626,6.7
VA,Clarke,953,6.7
VA,Fairfax,75911,6.7
VA,Fluvanna,1688,6.7
VA,Frederick,5723,6.7
CA,Napa,9301,6.8
CT,Middlesex,10796,6.8
IN,Warrick,4180,6.8
UT,Tooele,4541,6.8
VA,James City,5049,6.8
VA,King George,1753,6.8
VA,King William,1135,6.8
CO,Gilpin,413,6.9
CO,Routt,1709,6.9
CT,Litchfield,12481,6.9
IA,Cedar,1267,6.9
NE,Polk,357,6.9
OH,Mercer,2793,6.9
VA,Spotsylvania,9160,6.9
IL,Will,47639,7.01
MD,Montgomery,73280,7.01
MN,Wabasha,1496,7.01
NV,Storey,278,7.01
NY,Suffolk,102014,7.01
TX,Roberts,65,7.01
IL,Grundy,3543,7.1
IA,Bremer,1661,7.1
IA,Sioux,2301,7.1
KY,Boone,9250,7.1
MD,Harford,17620,7.1
MI,Leelanau,1512,7.1
TX,Denton,58411,7.1
VA,Manassas Park city,1169,7.1
WI,Outagamie,13045,7.1
IA,Iowa,1139,7.2
IA,Plymouth,1796,7.2
NE,Washington,1458,7.2
CO,Summit,2209,7.3
IA,Boone,1883,7.3
KS,Miami,2403,7.3
MA,Plymouth,36645,7.3
MN,Douglas,2707,7.3
NH,Merrimack,10392,7.3
NJ,Monmouth,45085,7.3
ND,Burleigh,6666,7.3
PA,Cumberland,17244,7.3
TX,Kendall,3160,7.3
VA,Roanoke,6681,7.3
WA,Snohomish,58157,7.3
AL,Shelby,15585,7.4
AK,Fairbanks North Star,7051,7.4
AK,Petersburg,240,7.4
CT,Tolland,10043,7.4
IA,Madison,1174,7.4
KS,Leavenworth,5490,7.4
MI,Clinton,5718,7.4
MO,Clay,17794,7.4
NJ,Warren,7770,7.4
AK,Kodiak Island,991,7.5
CA,Santa Clara,142603,7.5
CO,Eagle,4079,7.5
GA,Cherokee,18338,7.5
IA,Dickinson,1268,7.5
KY,Spencer,1370,7.5
MD,Charles,11823,7.5
NE,Seward,1173,7.5
OK,Canadian,10231,7.5
CO,Garfield,4429,7.6
CO,Jefferson,42729,7.6
IA,Lyon,877,7.6
KS,Gray,447,7.6
KS,Scott,369,7.6
KS,Wabaunsee,515,7.6
MA,Barnstable,15846,7.6
MA,Dukes,1299,7.6
MN,Houston,1398,7.6
NE,Saunders,1562,7.6
ND,Ransom,386,7.6
SD,Stanley,227,7.6
WI,Columbia,4241,7.6
WY,Lincoln,1464,7.6
CO,Ouray,368,7.7
CO,San Miguel,614,7.7
IL,Lake,52630,7.7
IA,O'Brien,1040,7.7
MD,Queen Anne's,3799,7.7
MN,Le Sueur,2145,7.7
MN,McLeod,2733,7.7
MN,Sibley,1128,7.7
ND,Sargent,293,7.7
ND,Traill,587,7.7
RI,Bristol,3543,7.7
VA,Fairfax city,1827,7.7
WI,Door,2092,7.7
WY,Crook,565,7.7
CA,Placer,29873,7.8
CO,Arapahoe,49795,7.8
CO,Clear Creek,735,7.8
IN,Lagrange,3025,7.8
IA,Benton,1977,7.8
ME,York,15776,7.8
MI,Oakland,95968,7.8
NE,Stanton,467,7.8
ND,Steele,148,7.8
WI,Pierce,3093,7.8
WI,Sheboygan,8789,7.8
AR,Saline,9335,7.9
CA,Marin,20222,7.9
IA,Marion,2514,7.9
MN,Isanti,3089,7.9
NH,Hillsborough,31832,7.9
ND,Renville,189,7.9
UT,Box Elder,4253,7.9
VA,Albemarle,8015,7.9
AK,Denali,158,8.01
IL,Putnam,455,8.01
MA,Middlesex,124404,8.01
MN,Brown,1927,8.01
MN,Goodhue,3650,8.01
MN,Pope,867,8.01
MO,Andrew,1378,8.01
NC,Camden,848,8.01
ND,Foster,254,8.01
OR,Washington,46428,8.01
TX,Fort Bend,60772,8.01
TX,Parker,10515,8.01
WI,Green,2932,8.01
WI,Kewaunee,1614,8.01
AK,Aleutians West,451,8.1
AK,Sitka,694,8.1
IL,Washington,1111,8.1
ME,Cumberland,22900,8.1
OH,Shelby,3897,8.1
ID,Franklin,1103,8.2
IL,Clinton,2910,8.2
KS,Nemaha,810,8.2
MI,Ottawa,22831,8.2
MN,Murray,672,8.2
NE,Fillmore,440,8.2
NV,Douglas,3931,8.2
OH,Fulton,3430,8.2
OH,Henry,2194,8.2
PA,Adams,8041,8.2
VT,Grand Isle,571,8.2
AK,Juneau,2596,8.3
CA,El Dorado,15620,8.3
FL,St. Johns,20118,8.3
GA,Harris,2774,8.3
GA,Paulding,13225,8.3
HI,Honolulu,79084,8.3
ID,Teton,939,8.3
IN,Dubois,3445,8.3
MD,Baltimore,67176,8.3
MN,Olmsted,12737,8.3
MN,Roseau,1250,8.3
MT,Lewis and Clark,5474,8.3
NE,Cedar,692,8.3
NE,Cuming,733,8.3
NH,Belknap,4953,8.3
ND,Morton,2513,8.3
ND,Pembina,563,8.3
OR,Clackamas,34173,8.3
SD,Sully,116,8.3
VT,Addison,2846,8.3
VA,Greene,1603,8.3
VA,Virginia Beach city,36669,8.3
WA,Kitsap,21357,8.3
CA,San Benito,5029,8.4
IN,Shelby,3666,8.4
IA,Hancock,891,8.4
IA,Shelby,954,8.4
MN,Lake,869,8.4
MT,Jefferson,983,8.4
NE,Kearney,539,8.4
ND,Bowman,262,8.4
PA,Butler,15242,8.4
TN,Wilson,11336,8.4
VA,Rockingham,6611,8.4
CO,Mineral,65,8.5
ID,Blaine,1860,8.5
ID,Valley,901,8.5
IN,Whitley,2822,8.5
IA,Worth,628,8.5
KS,Jefferson,1584,8.5
KS,McPherson,2341,8.5
MD,St. Mary's,9386,8.5
MI,Emmet,2766,8.5
MT,Stillwater,798,8.5
NE,Butler,671,8.5
NJ,Middlesex,69518,8.5
NY,Westchester,81192,8.5
ND,McKenzie,1066,8.5
RI,Kent,13853,8.5
TX,Carson,510,8.5
TX,Ellis,14521,8.5
VA,Isle of Wight,3087,8.5
WI,Jefferson,7012,8.5
CO,Hinsdale,67,8.6
CO,Park,1526,8.6
CT,New London,22246,8.6
IN,Wells,2348,8.6
MD,Prince George's,76564,8.6
MN,Jackson,839,8.6
NE,Hooker,56,8.6
NE,Platte,2807,8.6
ND,Cass,14859,8.6
WI,Dodge,7001,8.6
WI,Fond du Lac,8544,8.6
CO,Grand,1332,8.7
IL,Menard,1054,8.7
IA,Hamilton,1289,8.7
MI,Eaton,9278,8.7
MI,Lapeer,7531,8.7
MS,DeSoto,15440,8.7
MT,Richland,957,8.7
ND,Griggs,192,8.7
OH,Auglaize,3936,8.7
OH,Clermont,17597,8.7
OH,Lake,19693,8.7
VA,Manassas city,3595,8.7
WI,Iowa,2052,8.7
CO,Teller,2151,8.8
CT,Fairfield,82428,8.8
IL,Boone,4676,8.8
IN,Johnson,13267,8.8
MI,Barry,5253,8.8
MN,Cook,471,8.8
MN,Nicollet,2778,8.8
NE,Dixon,494,8.8
NE,Phelps,774,8.8
OH,Wyandot,1912,8.8
TN,Sumner,15921,8.8
TX,Randall,11635,8.8
WI,Trempealeau,2532,8.8
IN,Tipton,1331,8.9
NE,Logan,68,8.9
NC,Wake,93924,8.9
OH,Licking,15130,8.9
OH,Ottawa,3561,8.9
RI,Washington,10592,8.9
TX,Comal,12473,8.9
TX,Hartley,408,8.9
TX,Montgomery,50397,8.9
VT,Franklin,4308,8.9
VA,Augusta,6411,8.9
VA,Rappahannock,651,8.9
IL,Moultrie,1288,9.01
IA,Buchanan,1880,9.01
IA,Butler,1296,9.01
IA,Jasper,3163,9.01
IA,Linn,19688,9.01
IA,Winneshiek,1621,9.01
NV,Eureka,175,9.01
ND,Stark,2668,9.01
OH,Fairfield,13614,9.01
OH,Holmes,3885,9.01
OH,Miami,9387,9.01
RI,Newport,7164,9.01
SD,Hamlin,521,9.01
SD,Minnehaha,16492,9.01
TX,Brazoria,31735,9.01
VA,Bedford,6949,9.01
WI,Oconto,3339,9.01
AR,Benton,24110,9.1
CA,Contra Costa,103883,9.1
FL,Nassau,7484,9.1
FL,Sumter,10672,9.1
ID,Caribou,630,9.1
IL,Tazewell,11896,9.1
IN,Posey,2290,9.1
IA,Carroll,1822,9.1
IA,Ida,614,9.1
IA,Mitchell,948,9.1
KS,Harvey,3021,9.1
MD,Talbot,3347,9.1
MN,Meeker,2070,9.1
MT,Fallon,270,9.1
NE,Otoe,1429,9.1
NC,Union,20824,9.1
ND,Burke,193,9.1
ND,McLean,862,9.1
PA,Pike,5023,9.1
SD,Meade,2476,9.1
TX,Wilson,4414,9.1
VA,Orange,3231,9.1
WY,Sheridan,2673,9.1
AK,Valdez-Cordova,845,9.2
CO,La Plata,4961,9.2
FL,Sarasota,38065,9.2
ID,Camas,101,9.2
ID,Jefferson,2603,9.2
IL,Kane,48756,9.2
IA,Kossuth,1363,9.2
IA,Mills,1349,9.2
KY,Bullitt,7345,9.2
MN,Grant,534,9.2
MO,Cass,9435,9.2
MO,Osage,1217,9.2
NE,Boone,483,9.2
NE,Colfax,962,9.2
NE,Gosper,182,9.2
NE,Wheeler,75,9.2
ND,Billings,86,9.2
OH,Darke,4693,9.2
SD,Deuel,390,9.2
SD,Hanson,298,9.2
UT,Beaver,583,9.2
UT,Rich,220,9.2
UT,Salt Lake,103384,9.2
WA,Island,7467,9.2
WI,Manitowoc,7178,9.2
WY,Converse,1260,9.2
CA,Alameda,152087,9.3
CA,Mono,1313,9.3
CA,Sonoma,46165,9.3
IL,Jo Daviess,1980,9.3
IN,Ohio,533,9.3
IA,Clay,1470,9.3
IA,Delaware,1571,9.3
KY,Woodford,2415,9.3
MI,Grand Traverse,8468,9.3
MN,Carlton,3158,9.3
MN,Rock,859,9.3
MN,Steele,3392,9.3
MN,Wilkin,575,9.3
MS,Rankin,13642,9.3
NE,Chase,361,9.3
NE,Perkins,267,9.3
NH,Carroll,4424,9.3
NJ,Union,52052,9.3
NY,Ontario,9905,9.3
PA,Monroe,15190,9.3
TX,Guadalupe,14624,9.3
TX,Irion,141,9.3
TX,Kaufman,11316,9.3
VA,Warren,3583,9.3
VA,Chesapeake city,21928,9.3
WA,King,200415,9.3
WI,Polk,3970,9.3
CO,Weld,28171,9.4
GA,Dawson,2258,9.4
IN,Franklin,2111,9.4
IN,Harrison,3699,9.4
IA,Humboldt,888,9.4
IA,Winnebago,949,9.4
MI,Benzie,1627,9.4
MN,Kanabec,1485,9.4
MN,Kittson,389,9.4
MN,Marshall,873,9.4
MT,Carbon,999,9.4
NH,Cheshire,6687,9.4
NH,Grafton,7770,9.4
NH,Strafford,11176,9.4
NC,Dare,3364,9.4
ND,Oliver,181,9.4
PA,Washington,18913,9.4
PA,York,40966,9.4
SD,McCook,495,9.4
SD,Potter,202,9.4
TX,Glasscock,127,9.4
VT,Washington,5252,9.4
WI,Buffalo,1228,9.4
WI,Oneida,3262,9.4
WY,Campbell,4271,9.4
WY,Park,2694,9.4
CA,Ventura,80217,9.5
CO,Rio Blanco,579,9.5
GA,Cobb,71120,9.5
IA,Chickasaw,1130,9.5
IA,Guthrie,995,9.5
IA,Jones,1834,9.5
IA,Polk,45028,9.5
IA,Tama,1594,9.5
IA,Washington,2070,9.5
MI,Allegan,10969,9.5
NE,Pierce,668,9.5
ND,Adams,215,9.5
OH,Defiance,3547,9.5
PA,Perry,4331,9.5
TX,Chambers,3914,9.5
VA,Henrico,30836,9.5
VA,Shenandoah,4047,9.5
WY,Johnson,792,9.5
AK,Anchorage,27663,9.6
IN,Carroll,1910,9.6
IA,Cherokee,1048,9.6
IA,Clayton,1671,9.6
MO,Ralls,976,9.6
ND,Cavalier,352,9.6
OH,Madison,3743,9.6
VA,Caroline,2859,9.6
IL,Effingham,3256,9.7
IL,Marshall,1109,9.7
IL,Ogle,4866,9.7
IN,Dearborn,4752,9.7
KS,Logan,269,9.7
ME,Sagadahoc,3416,9.7
MD,Cecil,9862,9.7
MN,Benton,3820,9.7
MN,Lake of the Woods,358,9.7
MN,Pipestone,856,9.7
MO,Perry,1837,9.7
NY,Warren,6184,9.7
ND,Mountrail,981,9.7
ND,Stutsman,1880,9.7
OH,Hancock,7150,9.7
OR,Deschutes,17932,9.7
PA,Franklin,14759,9.7
TX,Loving,13,9.7
VA,Mathews,842,9.7
WI,Brown,24743,9.7
WY,Laramie,9294,9.7
GA,Effingham,5772,9.8
GA,Henry,22065,9.8
IL,Douglas,1907,9.8
IN,Noble,4560,9.8
IA,Dubuque,9131,9.8
KS,Gove,252,9.8
KS,Pottawatomie,2312,9.8
KY,Nelson,4413,9.8
MN,Crow Wing,6220,9.8
MN,Lac qui Parle,641,9.8
MO,Lincoln,5436,9.8
MT,Broadwater,574,9.8
MT,Gallatin,10195,9.8
NY,Hamilton,436,9.8
OH,Greene,15587,9.8
OK,Kingfisher,1518,9.8
PA,Delaware,53255,9.8
SD,Campbell,134,9.8
VA,Gloucester,3598,9.8
VA,Colonial Heights city,1718,9.8
AK,Ketchikan Gateway,1341,9.9
FL,Clay,20889,9.9
IN,Morgan,6799,9.9
IA,Louisa,1095,9.9
KS,Dickinson,1829,9.9
KS,Meade,412,9.9
MD,Worcester,5050,9.9
MN,Yellow Medicine,957,9.9
MO,Christian,8373,9.9
NY,Tioga,4764,9.9
OH,Preble,4017,9.9
PA,Elk,2937,9.9
PA,Lancaster,52380,9.9
PA,Montour,1739,9.9
PA,Westmoreland,34404,9.9
TN,Moore,619,9.9
UT,Garfield,484,9.9
VT,Windsor,5385,9.9
VA,Culpeper,4900,9.9
WI,Sauk,6266,9.9
CA,Solano,43352,10.01
HI,Maui,16342,10.01
IN,Jasper,3244,10.01
IN,Warren,807,10.01
IA,Harrison,1390,10.01
IA,Wright,1259,10.01
KS,Washington,536,10.01
MN,Redwood,1492,10.01
MO,St. Louis,97993,10.01
MT,Madison,805,10.01
MT,Sweet Grass,362,10.01
NE,Grant,65,10.01
NE,Howard,635,10.01
ND,Bottineau,628,10.01
ND,Divide,223,10.01
ND,Richland,1535,10.01
OK,Wagoner,7778,10.01
PA,Northampton,29356,10.01
SC,Dorchester,15362,10.01
SD,Grant,704,10.01
TX,Hemphill,397,10.01
WI,Green Lake,1858,10.01
WI,Marathon,13353,10.01
WY,Sweetwater,4253,10.01
AL,Baldwin,21199,10.1
AZ,Greenlee,948,10.1
CA,San Francisco,87314,10.1
HI,Kauai,7172,10.1
IA,Howard,910,10.1
IA,Osceola,597,10.1
IA,Sac,968,10.1
KS,Butler,6515,10.1
KS,Haskell,404,10.1
MI,Charlevoix,2598,10.1
MO,Warren,3444,10.1
NE,York,1307,10.1
NY,Dutchess,28178,10.1
ND,Towner,225,10.1
ND,Ward,6670,10.1
OK,Rogers,9039,10.1
SD,Lake,1222,10.1
TN,Rutherford,31372,10.1
TX,Archer,882,10.1
VA,Bath,428,10.1
VA,Dinwiddie,2781,10.1
VA,Alexandria city,15922,10.1
WI,Chippewa,6158,10.1
AK,Kenai Peninsula,5840,10.2
FL,Santa Rosa,17183,10.2
IN,Huntington,3570,10.2
IA,Adair,705,10.2
KS,Coffey,824,10.2
KS,Lane,158,10.2
KS,Stanton,205,10.2
MA,Essex,78610,10.2
MA,Hampshire,14206,10.2
MT,Daniels,173,10.2
NE,Cheyenne,976,10.2
NE,Merrick,787,10.2
NJ,Ocean,60406,10.2
OH,Paulding,1902,10.2
SD,Hyde,130,10.2
SD,Turner,829,10.2
UT,Juab,1136,10.2
WA,Clark,48088,10.2
WA,Pierce,87596,10.2
WY,Uinta,2067,10.2
IL,Cumberland,1102,10.3
IL,Jersey,2164,10.3
IL,Shelby,2214,10.3
IA,Emmet,922,10.3
KS,Stevens,569,10.3
MN,Fillmore,2113,10.3
MN,Otter Tail,5895,10.3
MN,Pennington,1423,10.3
MN,Red Lake,412,10.3
MN,Stevens,893,10.3
MN,Waseca,1834,10.3
MO,Ray,2315,10.3
MT,Yellowstone,15983,10.3
NH,Sullivan,4369,10.3
NC,Chatham,7305,10.3
ND,LaMoure,414,10.3
ND,Walsh,1098,10.3
SD,Hughes,1742,10.3
SD,Kingsbury,494,10.3
SD,Spink,629,10.3
WA,San Juan,1697,10.3
WI,Lincoln,2791,10.3
GA,Bryan,3828,10.4
GA,Coweta,14806,10.4
IN,De Kalb,4365,10.4
IN,Gibson,3399,10.4
IN,Kosciusko,8000,10.4
IN,Pike,1257,10.4
IN,Porter,17078,10.4
IN,Spencer,2086,10.4
IA,Greene,922,10.4
IA,Palo Alto,916,10.4
KY,Anderson,2329,10.4
KY,Scott,5552,10.4
MA,Franklin,7218,10.4
MA,Worcester,82794,10.4
MI,Kent,66316,10.4
MI,Lenawee,9679,10.4
MN,Lincoln,578,10.4
MN,Renville,1488,10.4
MO,Franklin,10588,10.4
NE,Harlan,353,10.4
NJ,Cape May,9486,10.4
OK,McClain,4078,10.4
TN,Maury,9474,10.4
TX,Burnet,4722,10.4
TX,Johnson,17019,10.4
TX,Somervell,901,10.4
VT,Orange,2943,10.4
WV,Jefferson,5751,10.4
WV,Putnam,5854,10.4
WI,Taylor,2083,10.4
WY,Platte,881,10.4
ID,Bonneville,11982,10.5
IL,Calhoun,499,10.5
IN,Floyd,7971,10.5
IN,White,2501,10.5
KS,Franklin,2645,10.5
KS,Kearny,405,10.5
MN,Chippewa,1241,10.5
MN,Hennepin,129217,10.5
MN,Morrison,3413,10.5
NV,Humboldt,1748,10.5
NY,Columbia,6233,10.5
ND,Dickey,493,10.5
ND,Dunn,444,10.5
SD,Hand,339,10.5
UT,Utah,62063,10.5
WA,Thurston,29034,10.5
CO,Adams,52536,10.6
FL,Indian River,16249,10.6
ID,Kootenai,16542,10.6
IL,Mercer,1636,10.6
IN,Bartholomew,8555,10.6
IN,Clark,12285,10.6
IA,Pottawattamie,9661,10.6
KS,Clay,825,10.6
MA,Berkshire,12744,10.6
MN,Kandiyohi,4431,10.6
MN,Mower,4142,10.6
NE,Saline,1411,10.6
NV,Elko,5476,10.6
NY,Essex,3778,10.6
ND,Eddy,237,10.6
ND,Golden Valley,183,10.6
OR,Hood River,2444,10.6
TX,Armstrong,193,10.6
TX,Blanco,1224,10.6
TX,Hood,6074,10.6
WI,Walworth,10618,10.6
WI,Waupaca,5269,10.6
WY,Weston,699,10.6
GA,Gwinnett,97757,10.7
GA,Pike,1920,10.7
IL,Bureau,3506,10.7
IN,Union,758,10.7
IA,Audubon,584,10.7
IA,Muscatine,4522,10.7
ME,Knox,4099,10.7
MI,Midland,8792,10.7
MS,Madison,11031,10.7
MO,Jefferson,23704,10.7
MT,Dawson,907,10.7
NE,Gage,2274,10.7
NC,Currituck,2785,10.7
NC,Henderson,12263,10.7
NC,Moore,10303,10.7
ND,Barnes,1094,10.7
OH,Butler,39242,10.7
OH,Knox,6165,10.7
OH,Williams,3830,10.7
SC,Beaufort,19418,10.7
SD,Edmunds,396,10.7
SD,Moody,689,10.7
TX,Austin,3153,10.7
TX,Midland,17528,10.7
VA,Prince George,3590,10.7
WI,Pepin,761,10.7
WI,Wood,7704,10.7
WY,Washakie,845,10.7
CO,El Paso,73008,10.8
FL,Charlotte,19300,10.8
FL,Manatee,41057,10.8
GA,Pickens,3364,10.8
ID,Ada,47955,10.8
IN,Elkhart,21670,10.8
IA,Cerro Gordo,4507,10.8
KS,Greeley,132,10.8
KS,Hodgeman,196,10.8
KS,Marshall,1032,10.8
KY,Shelby,4955,10.8
MO,Ste. Genevieve,1885,10.8
MT,Wibaux,107,10.8
NE,Clay,657,10.8
NE,Holt,1088,10.8
NV,Lyon,5779,10.8
NY,Genesee,6075,10.8
NY,Madison,7179,10.8
ND,Wells,425,10.8
OH,Wood,13328,10.8
PA,Lebanon,14717,10.8
TX,Fayette,2675,10.8
UT,Grand,1036,10.8
UT,Weber,26782,10.8
VT,Chittenden,16489,10.8
VT,Rutland,6106,10.8
VA,Louisa,3851,10.8
VA,Salem city,2567,10.8
AK,Bristol Bay,92,10.9
CA,Amador,3762,10.9
CO,Phillips,460,10.9
FL,Martin,17002,10.9
FL,Okaloosa,21667,10.9
GA,Lee,3121,10.9
IL,Edwards,697,10.9
IN,Brown,1614,10.9
IN,Newton,1515,10.9
IN,Ripley,3053,10.9
IA,Monroe,839,10.9
KS,Marion,1225,10.9
KS,Morton,289,10.9
KS,Rooks,539,10.9
KY,Campbell,9700,10.9
NE,Red Willow,1124,10.9
NY,Orange,40379,10.9
ND,Nelson,312,10.9
SD,Aurora,289,10.9
SD,Brown,4141,10.9
SD,Harding,132,10.9
TX,Gillespie,2851,10.9
UT,Kane,796,10.9
WI,Lafayette,1801,10.9
WI,Racine,20857,10.9
CA,Nevada,10889,11.01
CO,Larimer,36954,11.01
CO,Moffat,1428,11.01
CT,Hartford,96200,11.01
CT,New Haven,91639,11.01
IL,Clark,1697,11.01
IL,Henry,5318,11.01
IN,Steuben,3634,11.01
IA,Allamakee,1495,11.01
IA,Clarke,1012,11.01
KS,Jackson,1440,11.01
ME,Hancock,5914,11.01
MN,Mille Lacs,2782,11.01
MN,Stearns,16561,11.01
MT,Flathead,10824,11.01
MT,Sheridan,372,11.01
NV,Carson City,5679,11.01
OH,Champaign,4190,11.01
OR,Yamhill,11056,11.01
TN,Cheatham,4380,11.01
TX,Borden,74,11.01
AR,Lonoke,8011,11.1
ID,Oneida,483,11.1
IL,Stark,593,11.1
IN,Decatur,2905,11.1
IA,Franklin,1108,11.1
KS,Ness,309,11.1
LA,St. Tammany,28338,11.1
MA,Bristol,60780,11.1
MI,Antrim,2564,11.1
MI,Shiawassee,7467,11.1
MN,Martin,2174,11.1
MN,Rice,6499,11.1
MO,Clinton,2229,11.1
NV,Lander,628,11.1
NV,Washoe,50261,11.1
NC,Cabarrus,22816,11.1
ND,McHenry,646,11.1
OH,Belmont,7114,11.1
OH,Logan,4951,11.1
OH,Sandusky,6477,11.1
OK,Harper,415,11.1
PA,Beaver,18164,11.1
TX,Wise,7211,11.1
WI,Winnebago,18076,11.1
WY,Natrona,8631,11.1
FL,Seminole,51321,11.2
IL,Henderson,753,11.2
IN,Benton,952,11.2
IN,Clay,2891,11.2
KS,Chase,282,11.2
KS,Comanche,191,11.2
KS,Edwards,318,11.2
KS,Morris,601,11.2
KS,Pratt,1026,11.2
KS,Wallace,168,11.2
KY,Meade,3127,11.2
MI,Macomb,96264,11.2
MN,Itasca,4955,11.2
MN,Watonwan,1193,11.2
NE,Antelope,704,11.2
NE,Furnas,525,11.2
NY,Wyoming,4128,11.2
OH,Morrow,3849,11.2
OR,Gilliam,205,11.2
PA,Allegheny,132929,11.2
SC,York,29456,11.2
SD,Codington,3114,11.2
UT,Washington,18252,11.2
AK,Matanuska-Susitna,11768,11.3
IA,Scott,19061,11.3
MN,Cottonwood,1256,11.3
NY,Albany,33186,11.3
NC,Iredell,19691,11.3
PA,Snyder,4311,11.3
SD,Custer,957,11.3
TN,Dickson,5893,11.3
VA,Campbell,6157,11.3
VA,Madison,1488,11.3
VA,Suffolk city,10067,11.3
WA,Skagit,14061,11.3
WI,Dane,59174,11.3
WI,Price,1493,11.3
AK,Haines,288,11.4
CO,Chaffee,2073,11.4
CO,Morgan,3127,11.4
IL,Lee,3589,11.4
IA,Hardin,1856,11.4
KS,Ottawa,652,11.4
LA,Livingston,15669,11.4
LA,St. Charles,5953,11.4
ME,Lincoln,3827,11.4
NE,Douglas,62619,11.4
NE,Lancaster,33985,11.4
NJ,Mercer,40622,11.4
NC,Mecklenburg,120634,11.4
OH,Ashland,5837,11.4
OH,Van Wert,3147,11.4
SD,Clark,391,11.4
SD,Yankton,2351,11.4
TX,Reagan,419,11.4
VA,Amelia,1466,11.4
VA,Giles,1900,11.4
WI,Kenosha,18729,11.4
WI,Monroe,5093,11.4
CA,Orange,362109,11.5
CT,Windham,12818,11.5
GA,Jackson,7670,11.5
IL,Carroll,1647,11.5
IA,Keokuk,1154,11.5
IA,Poweshiek,1916,11.5
KS,Ellsworth,613,11.5
KS,Sheridan,286,11.5
KS,Thomas,853,11.5
MN,Hubbard,2387,11.5
MN,Swift,1063,11.5
MO,Cooper,1849,11.5
NE,Burt,736,11.5
NE,Dawson,2688,11.5
NE,Jefferson,811,11.5
NE,Nuckolls,483,11.5
NV,Churchill,2747,11.5
NY,Rensselaer,17698,11.5
NC,Buncombe,28715,11.5
SD,Hutchinson,784,11.5
TX,Bastrop,9462,11.5
TX,Dallam,826,11.5
TX,Travis,139071,11.5
CO,Kit Carson,823,11.6
IL,Ford,1482,11.6
IN,Greene,3696,11.6
IN,Marshall,5290,11.6
IA,Henry,2125,11.6
IA,Monona,988,11.6
IA,Taylor,707,11.6
KS,Kiowa,271,11.6
KS,Phillips,612,11.6
KS,Trego,326,11.6
KS,Wichita,242,11.6
MI,Ionia,6823,11.6
MN,Polk,3536,11.6
NE,Box Butte,1241,11.6
NE,Garfield,229,11.6
NE,Lincoln,4008,11.6
NE,Thayer,567,11.6
OK,Cleveland,31096,11.6
TN,Robertson,8070,11.6
TX,McMullen,89,11.6
TX,Tarrant,234362,11.6
VT,Windham,4827,11.6
WI,Douglas,4859,11.6
WI,Dunn,4789,11.6
WI,Shawano,4664,11.6
CO,Archuleta,1549,11.7
FL,Collier,43075,11.7
ID,Bear Lake,698,11.7
IL,De Witt,1823,11.7
IL,Hancock,2079,11.7
IL,Warren,1881,11.7
IA,Jackson,2229,11.7
KS,Osage,1812,11.7
KS,Republic,535,11.7
KS,Shawnee,20386,11.7
MI,Monroe,17416,11.7
MN,Becker,3909,11.7
MO,Cole,8399,11.7
MT,Treasure,79,11.7
NE,Banner,87,11.7
NE,Cherry,673,11.7
NE,Sherman,353,11.7
NH,Coos,3415,11.7
NJ,Camden,58696,11.7
NY,Washington,6823,11.7
NC,Alexander,4182,11.7
PA,Berks,47405,11.7
SC,Berkeley,25085,11.7
SC,Lexington,33761,11.7
TN,Marshall,3814,11.7
TX,Crane,541,11.7
TX,Moore,2551,11.7
VA,Craig,590,11.7
CA,Inyo,2087,11.8
FL,Lee,85844,11.8
FL,Monroe,8963,11.8
FL,Palm Beach,170868,11.8
GA,Douglas,16770,11.8
IL,Schuyler,817,11.8
IA,Crawford,1974,11.8
IA,Floyd,1827,11.8
KS,Lincoln,351,11.8
KS,Saline,6313,11.8
KS,Sumner,2687,11.8
MD,Garrett,3377,11.8
MI,Menominee,2683,11.8
MN,Freeborn,3526,11.8
MT,Valley,864,11.8
NE,Nance,411,11.8
ND,Hettinger,273,11.8
ND,Pierce,454,11.8
OH,Portage,18263,11.8
TX,Clay,1218,11.8
VT,Lamoille,2902,11.8
WV,Berkeley,13394,11.8
WI,Clark,4013,11.8
AL,Limestone,10830,11.9
CA,Monterey,49860,11.9
CA,San Diego,385479,11.9
CA,San Luis Obispo,31826,11.9
DE,Sussex,26370,11.9
IL,Jasper,1128,11.9
KS,Rawlins,291,11.9
MO,Atchison,615,11.9
MO,Gasconade,1713,11.9
MT,Cascade,9411,11.9
NY,Richmond,56434,11.9
NC,Brunswick,15429,11.9
OK,Major,903,11.9
PA,Wyoming,3176,11.9
TX,Bandera,2627,11.9
TX,Hansford,640,11.9
VA,Appomattox,1855,11.9
WI,Portage,7973,11.9
WY,Carbon,1723,11.9
AL,Elmore,9151,12.01
FL,Flagler,13137,12.01
GA,Barrow,9401,12.01
GA,Catoosa,7905,12.01
GA,Morgan,2196,12.01
ID,Nez Perce,4727,12.01
IN,Putnam,3921,12.01
IN,Rush,1965,12.01
KS,Clark,232,12.01
KS,Geary,3931,12.01
KS,Mitchell,700,12.01
KY,Kenton,19618,12.01
MI,Cass,6065,12.01
MI,Otsego,2891,12.01
MN,Clay,7264,12.01
MO,Moniteau,1757,12.01
MT,Prairie,130,12.01
NE,Hall,7247,12.01
NY,Livingston,6966,12.01
NY,Seneca,3810,12.01
ND,McIntosh,300,12.01
OH,Pickaway,6355,12.01
SD,Haakon,228,12.01
SD,Miner,259,12.01
TX,Galveston,39606,12.01
TX,Yoakum,1020,12.01
VA,Charles City,835,12.01
WA,Benton,23587,12.01
WA,Skamania,1410,12.01
WI,La Crosse,13535,12.01
ID,Boise,875,12.1
IN,Montgomery,4510,12.1
IN,Perry,2130,12.1
IA,Cass,1550,12.1
IA,Davis,1072,12.1
KS,Kingman,863,12.1
KS,Rush,367,12.1
KY,Marshall,3739,12.1
MI,Dickinson,3022,12.1
MN,Aitkin,1880,12.1
MN,Faribault,1618,12.1
NE,Adams,3658,12.1
NE,Brown,363,12.1
NE,Custer,1301,12.1
NE,Valley,501,12.1
NY,Wayne,10866,12.1
ND,Slope,93,12.1
PA,Dauphin,32684,12.1
PA,Schuylkill,16381,12.1
SD,Douglas,338,12.1
SD,Marshall,556,12.1
TN,Blount,15425,12.1
TX,Lavaca,2365,12.1
WI,Florence,520,12.1
WI,Rock,19338,12.1
WY,Hot Springs,556,12.1
AK,North Slope,1182,12.2
AR,Grant,2185,12.2
CA,Colusa,2633,12.2
CA,Tuolumne,6205,12.2
CO,Lake,933,12.2
FL,Pinellas,115990,12.2
IL,Logan,3032,12.2
IL,Scott,602,12.2
IN,Fulton,2399,12.2
IA,Fremont,833,12.2
KS,Barber,554,12.2
KY,Hancock,1065,12.2
MI,Keweenaw,255,12.2
MN,Lyon,3027,12.2
MN,Pine,3355,12.2
MT,Granite,405,12.2
MT,Powder River,209,12.2
NE,Deuel,227,12.2
NE,Wayne,1030,12.2
NM,Santa Fe,17838,12.2
NY,Queens,285222,12.2
NC,Davie,5117,12.2
OR,Clatsop,4715,12.2
OR,Sherman,214,12.2
PA,Juniata,2940,12.2
PA,Union,4445,12.2
TX,Hays,25221,12.2
TX,Sterling,153,12.2
WI,Waushara,2819,12.2
WY,Big Horn,1433,12.2
GA,Walton,11157,12.3
IA,Adams,451,12.3
KS,Grant,912,12.3
KS,Norton,566,12.3
KS,Rice,1104,12.3
MN,Big Stone,602,12.3
MO,Callaway,5033,12.3
NE,Keith,982,12.3
ND,Ramsey,1352,12.3
OR,Columbia,6326,12.3
PA,Bedford,5864,12.3
SD,Walworth,661,12.3
TX,Ochiltree,1233,12.3
VT,Bennington,4201,12.3
VA,King and Queen,862,12.3
WA,Wahkiakum,518,12.3
WI,Bayfield,1826,12.3
AK,Wrangell City and,310,12.4
FL,Brevard,72303,12.4
IA,Calhoun,1120,12.4
ME,Androscoggin,12975,12.4
ME,Kennebec,14707,12.4
MI,St. Clair,19533,12.4
NY,Niagara,25656,12.4
NC,Stanly,7367,12.4
OH,Erie,9065,12.4
OK,Beaver,650,12.4
OK,Logan,5571,12.4
PA,Lehigh,44362,12.4
PA,Mercer,13040,12.4
SC,Greenville,61200,12.4
UT,Millard,1582,12.4
UT,Sevier,2601,12.4
VA,Floyd,1939,12.4
WI,Crawford,1908,12.4
CO,Denver,86353,12.5
GA,Camden,6375,12.5
ID,Bingham,5670,12.5
IN,Martin,1251,12.5
IN,Pulaski,1538,12.5
IA,Montgomery,1239,12.5
KS,Osborne,437,12.5
MO,Lafayette,3977,12.5
MT,Ravalli,5275,12.5
NE,Greeley,288,12.5
NY,Lewis,3267,12.5
NC,Catawba,19427,12.5
NC,Lincoln,10218,12.5
NC,Polk,2529,12.5
PA,Carbon,7871,12.5
TN,Hamilton,44007,12.5
TX,Mason,527,12.5
TX,Sherman,378,12.5
VA,Highland,275,12.5
CA,Santa Cruz,33262,12.6
CO,Boulder,39084,12.6
FL,Lake,43020,12.6
KS,Cloud,1074,12.6
LA,Ascension,15316,12.6
MI,Branch,5219,12.6
MI,Delta,4436,12.6
MO,Macon,1880,12.6
NE,Boyd,242,12.6
NE,Knox,1034,12.6
NE,Nemaha,813,12.6
NY,Cayuga,9246,12.6
NY,Chenango,5910,12.6
NC,Granville,7037,12.6
NC,Pender,7548,12.6
PA,Fulton,1821,12.6
PA,Somerset,8795,12.6
TN,Loudon,6496,12.6
TN,Sevier,12135,12.6
VA,Pittsylvania,7601,12.6
VA,Rockbridge,2787,12.6
VA,Winchester city,3395,12.6
WA,Lincoln,1322,12.6
ID,Cassia,2954,12.7
IN,Jackson,5467,12.7
IA,Marshall,4927,12.7
KS,Ford,4273,12.7
MN,Koochiching,1559,12.7
MN,Norman,818,12.7
MO,Chariton,920,12.7
MT,Fergus,1396,12.7
MT,Judith Basin,249,12.7
NE,Buffalo,6052,12.7
NE,Dakota,2525,12.7
NE,Johnson,524,12.7
NE,McPherson,63,12.7
NY,Greene,5620,12.7
OK,Grant,545,12.7
PA,Mifflin,5810,12.7
TX,Hardin,7175,12.7
TX,Lee,2124,12.7
UT,Uintah,4434,12.7
VA,Amherst,3855,12.7
WA,Jefferson,3886,12.7
WV,Ohio,5072,12.7
WI,Burnett,1928,12.7
AL,Blount,7343,12.8
AL,Madison,44979,12.8
AK,Southeast Fairbanks,872,12.8
CO,Dolores,263,12.8
FL,St. Lucie,39839,12.8
ID,Lincoln,675,12.8
IL,Livingston,4330,12.8
IN,Henry,5739,12.8
IN,Jennings,3469,12.8
IA,Buena Vista,2458,12.8
KS,Cheyenne,334,12.8
KS,Graham,316,12.8
KS,Jewell,361,12.8
KS,Smith,458,12.8
KY,Hardin,13394,12.8
MD,Kent,2312,12.8
MI,Van Buren,9501,12.8
MN,Nobles,2768,12.8
MO,Johnson,6393,12.8
NY,Schenectady,19369,12.8
NY,Steuben,12161,12.8
OH,Harrison,1916,12.8
OH,Tuscarawas,11589,12.8
OK,Noble,1424,12.8
SD,Davison,2424,12.8
SD,Perkins,374,12.8
TN,Montgomery,25124,12.8
TX,Jeff Davis,281,12.8
TX,Oldham,238,12.8
VA,Surry,833,12.8
WI,Marquette,1941,12.8
WI,Washburn,1993,12.8
CA,Riverside,309235,12.9
CO,Montrose,5312,12.9
CO,Washington,613,12.9
FL,Wakulla,3746,12.9
GA,Jones,3641,12.9
ID,Elmore,3384,12.9
IL,Hamilton,1046,12.9
IL,Iroquois,3538,12.9
IL,Rock Island,18069,12.9
IL,Whiteside,7110,12.9
IN,Fountain,2091,12.9
IA,Pocahontas,862,12.9
MI,Washtenaw,44394,12.9
MT,Carter,155,12.9
MT,Park,2087,12.9
OH,Summit,68434,12.9
OH,Wayne,14456,12.9
PA,Armstrong,8359,12.9
PA,Lycoming,13968,12.9
PA,Wayne,6117,12.9
SD,Jerauld,247,12.9
SD,Pennington,13866,12.9
TX,Fannin,4047,12.9
TX,Hutchinson,2715,12.9
TX,Llano,2704,12.9
TX,Washington,4248,12.9
VA,Lancaster,1365,12.9
WA,Asotin,2867,12.9
WY,Goshen,1572,12.9
AZ,Pinal,52566,13.01
CO,Yuma,1276,13.01
FL,Pasco,67635,13.01
GA,Houston,19675,13.01
ID,Payette,2992,13.01
IA,Mahaska,2809,13.01
KS,Hamilton,343,13.01
KS,Pawnee,737,13.01
MI,Alger,1057,13.01
MI,St. Joseph,7807,13.01
MN,Traverse,416,13.01
MO,Pulaski,5469,13.01
MT,Custer,1465,13.01
NE,Richardson,1011,13.01
NE,Webster,440,13.01
OH,Carroll,3518,13.01
OH,Clinton,5314,13.01
SD,Brookings,3998,13.01
TN,Lincoln,4356,13.01
TN,Smith,2516,13.01
TX,Andrews,2293,13.01
TX,Cooke,5104,13.01
WA,Whatcom,28131,13.01
WV,Morgan,2277,13.01
CA,Calaveras,5904,13.1
FL,Broward,252288,13.1
IN,Allen,47818,13.1
ME,Waldo,5111,13.1
NE,Frontier,328,13.1
NE,Madison,4432,13.1
NY,Otsego,7227,13.1
ND,Kidder,323,13.1
ND,Logan,241,13.1
PA,Susquehanna,5326,13.1
SD,Bon Homme,727,13.1
TX,Van Zandt,7118,13.1
VA,Staunton city,3072,13.1
WV,Pleasants,889,13.1
WI,Barron,5822,13.1
WI,Richland,2242,13.1
CA,Sutter,12628,13.2
CO,Custer,621,13.2
DE,Kent,22671,13.2
GA,Bartow,13667,13.2
ID,Fremont,1661,13.2
IL,Clay,1721,13.2
KS,Finney,4794,13.2
KS,Sherman,764,13.2
KS,Stafford,542,13.2
LA,Cameron,909,13.2
MO,Newton,7517,13.2
NE,Pawnee,342,13.2
OK,Grady,7074,13.2
TX,Lampasas,2742,13.2
UT,Emery,1324,13.2
VA,Nelson,1959,13.2
WV,Brooke,2864,13.2
GA,Habersham,5585,13.3
GA,Hall,25982,13.3
GA,Monroe,3446,13.3
GA,White,3826,13.3
IL,Bond,1993,13.3
IL,Cass,1635,13.3
IN,Lawrence,5979,13.3
IN,Vermillion,2026,13.3
IN,Wabash,3913,13.3
KS,Anderson,1027,13.3
MD,Washington,19017,13.3
MI,Jackson,19950,13.3
MI,Mason,3798,13.3
MN,Todd,3221,13.3
MO,Howard,1259,13.3
NE,Scotts Bluff,4733,13.3
NJ,Salem,8215,13.3
NY,Rockland,43147,13.3
NC,Carteret,9050,13.3
OR,Crook,3062,13.3
OR,Union,3391,13.3
PA,Bradford,7956,13.3
PA,Lawrence,11300,13.3
SC,Charleston,51780,13.3
TX,Coke,432,13.3
TX,Kent,94,13.3
TX,Kerr,6597,13.3
TX,Martin,743,13.3
TX,Parmer,1296,13.3
UT,Duchesne,2625,13.3
VA,Franklin,7338,13.3
WA,Chelan,10059,13.3
WI,Jackson,2552,13.3
WI,Marinette,5255,13.3
AL,Autauga,7390,13.4
AR,Faulkner,15941,13.4
DE,New Castle,72551,13.4
GA,Newton,14236,13.4
GA,Oglethorpe,1965,13.4
IN,Clinton,4185,13.4
IN,Daviess,4340,13.4
IA,Clinton,6207,13.4
IA,Fayette,2540,13.4
IA,Woodbury,13330,13.4
KS,Reno,7927,13.4
KY,Mercer,2850,13.4
MI,Huron,4122,13.4
NC,Orange,18210,13.4
NC,Yadkin,5022,13.4
OH,Richland,15169,13.4
OK,Love,1328,13.4
TX,Grayson,17242,13.4
TX,Lipscomb,448,13.4
WA,Douglas,5578,13.4
WA,Franklin,11904,13.4
WY,Niobrara,290,13.4
AL,St. Clair,11644,13.5
AZ,Maricopa,570402,13.5
GA,Banks,2511,13.5
ID,Gem,2315,13.5
ID,Twin Falls,11332,13.5
IL,Adams,8608,13.5
IL,Morgan,4197,13.5
IN,Washington,3707,13.5
IA,Des Moines,5218,13.5
KY,Trimble,1144,13.5
LA,West Baton Rouge,3471,13.5
ME,Oxford,7636,13.5
MI,Iron,1458,13.5
MI,Manistee,3110,13.5
MI,Wexford,4425,13.5
MO,Linn,1620,13.5
MO,Monroe,1146,13.5
MT,Teton,796,13.5
NE,Thomas,97,13.5
NC,Onslow,23452,13.5
OH,Lorain,40404,13.5
OK,Dewey,645,13.5
OK,Ellis,527,13.5
OR,Wallowa,937,13.5
PA,Columbia,8348,13.5
SD,Sanborn,317,13.5
TX,Ector,20860,13.5
TX,Tom Green,15211,13.5
WA,Columbia,537,13.5
CO,Cheyenne,244,13.6
CO,San Juan,97,13.6
GA,Fannin,3409,13.6
IL,Christian,4270,13.6
IA,Lucas,1148,13.6
MO,Camden,6139,13.6
OH,Seneca,7146,13.6
SC,Lancaster,12319,13.6
SD,Lawrence,3331,13.6
TN,Humphreys,2478,13.6
TX,Coryell,8556,13.6
VA,Essex,1482,13.6
VA,Middlesex,1406,13.6
WA,Walla Walla,7607,13.6
WV,Mineral,3590,13.6
WI,Grant,6385,13.6
AL,Lauderdale,12395,13.7
CA,Sierra,404,13.7
CO,Jackson,189,13.7
ID,Bonner,5920,13.7
ID,Jerome,3222,13.7
IL,Mason,1842,13.7
IN,Jefferson,4108,13.7
KY,Franklin,6663,13.7
ME,Franklin,3950,13.7
NE,Dodge,4829,13.7
NE,Franklin,406,13.7
NE,Hitchcock,384,13.7
NY,Clinton,10146,13.7
NY,Onondaga,61647,13.7
NY,Ulster,23481,13.7
SC,Spartanburg,41025,13.7
SD,Butte,1366,13.7
SD,Jones,128,13.7
TX,Hopkins,4950,13.7
TX,Orange,11526,13.7
UT,Wayne,372,13.7
VA,Bland,772,13.7
AL,Cullman,11256,13.8
AR,Washington,30938,13.8
GA,Towns,1439,13.8
IL,Crawford,2404,13.8
IL,Edgar,2344,13.8
IL,Macoupin,6152,13.8
IL,Wabash,1572,13.8
IN,Cass,5129,13.8
MD,Caroline,4499,13.8
MI,Alpena,3865,13.8
MN,Winona,6485,13.8
MO,Daviess,1123,13.8
MO,Jackson,94910,13.8
MO,Taney,7401,13.8
MT,Beaverhead,1238,13.8
NE,Arthur,63,13.8
NE,Kimball,489,13.8
NV,Lincoln,678,13.8
NV,White Pine,1131,13.8
OR,Wasco,3567,13.8
PA,Luzerne,42326,13.8
TX,Bell,46542,13.8
VA,Wythe,3959,13.8
AZ,Yavapai,31166,13.9
AR,Baxter,5650,13.9
GA,Lumpkin,4156,13.9
KY,Grant,3391,13.9
MO,Caldwell,1227,13.9
MO,Carroll,1208,13.9
MO,Holt,596,13.9
MO,Maries,1215,13.9
NY,Schoharie,4186,13.9
NY,Schuyler,2464,13.9
NY,Yates,3311,13.9
ND,Emmons,450,13.9
OK,Woodward,2664,13.9
OR,Tillamook,3631,13.9
PA,Sullivan,826,13.9
PA,Warren,5377,13.9
TN,Fayette,5517,13.9
TN,Knox,62320,13.9
TX,King,41,13.9
VA,Washington,7308,13.9
WI,Vilas,2979,13.9
CA,Stanislaus,75614,14.01
CO,Kiowa,190,14.01
FL,Hernando,25773,14.01
FL,Osceola,48892,14.01
GA,Gordon,7877,14.01
IL,Wayne,2300,14.01
IN,Miami,4538,14.01
IA,Jefferson,2358,14.01
IA,Van Buren,1000,14.01
KY,Trigg,2011,14.01
MI,Hillsdale,6222,14.01
MI,Kalamazoo,35561,14.01
MN,Ramsey,74390,14.01
MS,Lee,11739,14.01
MO,Gentry,912,14.01
NV,Clark,305802,14.01
OK,Garfield,8404,14.01
SD,Fall River,910,14.01
TN,Tipton,8449,14.01
TX,Brewster,1298,14.01
TX,Callahan,1936,14.01
TX,Upton,505,14.01
VA,Buena Vista city,826,14.01
WA,Garfield,305,14.01
WI,Langlade,2624,14.01
CA,Sacramento,213232,14.1
GA,Rockdale,12585,14.1
ID,Minidoka,2917,14.1
IL,DeKalb,13876,14.1
IA,Lee,4621,14.1
KS,Linn,1355,14.1
KY,Clark,5009,14.1
KY,Jefferson,105999,14.1
MI,Montmorency,1280,14.1
MT,Petroleum,74,14.1
NJ,Hudson,96125,14.1
NC,Stokes,6373,14.1
TN,Cumberland,8237,14.1
TN,Jefferson,7304,14.1
VA,Fredericksburg city,3627,14.1
WA,Spokane,69334,14.1
CA,Santa Barbara,60921,14.2
ID,Bannock,11846,14.2
IL,Winnebago,39766,14.2
KS,Russell,968,14.2
KS,Sedgwick,72015,14.2
LA,Calcasieu,28177,14.2
MI,Missaukee,2100,14.2
MI,Tuscola,7375,14.2
OR,Morrow,1578,14.2
PA,Jefferson,6096,14.2
PA,Venango,7206,14.2
SD,Faulk,302,14.2
TX,Shackelford,469,14.2
UT,Sanpete,3861,14.2
WA,Kittitas,6185,14.2
AR,Cleveland,1167,14.3
CA,Plumas,2640,14.3
ID,Benewah,1297,14.3
IL,La Salle,15216,14.3
IL,Macon,14566,14.3
IN,Blackford,1679,14.3
IN,Jay,2942,14.3
IN,Parke,2194,14.3
KS,Atchison,2158,14.3
KY,Lyon,1008,14.3
ME,Penobscot,20627,14.3
MI,Cheboygan,3557,14.3
MI,Mackinac,1511,14.3
MT,Missoula,16351,14.3
NE,Morrill,678,14.3
NE,Rock,200,14.3
NE,Sheridan,737,14.3
NY,Herkimer,8679,14.3
OH,Stark,51852,14.3
OK,Washington,7277,14.3
OR,Jackson,30774,14.3
OR,Linn,17676,14.3
PA,Lackawanna,29008,14.3
PA,Northumberland,12580,14.3
SD,Brule,741,14.3
TX,Sutton,535,14.3
FL,Citrus,20654,14.4
GA,Gilmer,4376,14.4
ID,Lewis,557,14.4
IL,Madison,37768,14.4
IN,Orange,2750,14.4
KY,Simpson,2550,14.4
ME,Aroostook,9499,14.4
MI,Newaygo,6848,14.4
MO,Bates,2301,14.4
MT,Phillips,585,14.4
NJ,Atlantic,38092,14.4
NC,Alamance,22721,14.4
OK,Tulsa,91757,14.4
OR,Multnomah,114241,14.4
SC,Anderson,28083,14.4
SC,Kershaw,9309,14.4
VA,Northumberland,1761,14.4
WV,Hardy,1951,14.4
ID,Adams,597,14.5
ID,Clark,127,14.5
IN,Howard,11727,14.5
IN,La Porte,15005,14.5
IA,Page,1987,14.5
IA,Wapello,4919,14.5
KS,Decatur,404,14.5
KS,Harper,787,14.5
MI,Bay,14920,14.5
MI,Sanilac,5900,14.5
MN,St. Louis,27827,14.5
MS,Itawamba,3253,14.5
MS,Jackson,20359,14.5
MS,Union,4099,14.5
MO,Mercer,524,14.5
MT,Chouteau,825,14.5
MT,Mineral,612,14.5
NE,Blaine,70,14.5
NY,Erie,130831,14.5
NC,Guilford,73862,14.5
NC,Haywood,8779,14.5
OH,Hocking,4074,14.5
PA,Blair,17382,14.5
TX,Caldwell,5892,14.5
TX,Wheeler,769,14.5
VA,Alleghany,2160,14.5
VA,Patrick,2518,14.5
WA,Klickitat,3139,14.5
WA,Mason,8825,14.5
WV,Grant,1664,14.5
WI,Eau Claire,14304,14.5
AK,Aleutians East,491,14.6
ID,Power,1099,14.6
IL,Cook,746194,14.6
IN,Sullivan,2710,14.6
IA,Union,1759,14.6
KY,Pendleton,2099,14.6
LA,Beauregard,5170,14.6
MI,Alcona,1488,14.6
MI,Oceana,3816,14.6
MI,Schoolcraft,1151,14.6
MS,Pontotoc,4569,14.6
MO,Cape Girardeau,10828,14.6
NV,Esmeralda,124,14.6
NM,Bernalillo,97103,14.6
NY,Monroe,105493,14.6
OH,Washington,8560,14.6
OK,Woods,1171,14.6
PA,Crawford,12031,14.6
TN,Davidson,97343,14.6
VT,Essex,911,14.6
ID,Custer,609,14.7
IN,Owen,3021,14.7
IA,Ringgold,714,14.7
KY,Gallatin,1282,14.7
KY,Jessamine,7559,14.7
KY,Webster,1852,14.7
MI,Osceola,3367,14.7
MO,Barton,1716,14.7
MT,McCone,248,14.7
OR,Polk,12025,14.7
PA,Greene,4965,14.7
PA,Indiana,11763,14.7
RI,Providence,90056,14.7
TX,Fisher,569,14.7
TX,Medina,7031,14.7
TX,Winkler,1095,14.7
VA,Southampton,2375,14.7
WA,Grant,13838,14.7
WI,Rusk,2053,14.7
AL,Morgan,17301,14.8
AR,Greene,6559,14.8
CA,Glenn,4111,14.8
CO,Gunnison,2349,14.8
GA,Fulton,149652,14.8
IL,Greene,1895,14.8
KS,Doniphan,1075,14.8
KY,Marion,2793,14.8
MN,Clearwater,1298,14.8
MO,Bollinger,1795,14.8
MO,Worth,295,14.8
NC,Lee,8760,14.8
ND,Grand Forks,9893,14.8
OH,Huron,8555,14.8
OH,Muskingum,12470,14.8
SC,Aiken,24465,14.8
TX,Dallas,382477,14.8
TX,Franklin,1583,14.8
VA,Pulaski,4882,14.8
WA,Stevens,6589,14.8
WI,Adams,2785,14.8
WI,Juneau,3700,14.8
AR,Boone,5495,14.9
AR,Craighead,15354,14.9
CA,Los Angeles,1490853,14.9
CO,Mesa,21957,14.9
FL,Bay,26663,14.9
ID,Gooding,2247,14.9
IL,Brown,685,14.9
KS,Seward,3217,14.9
MI,Houghton,4961,14.9
MI,Montcalm,9013,14.9
NE,Dundy,265,14.9
NY,Sullivan,10891,14.9
OK,Custer,4051,14.9
OR,Douglas,16135,14.9
PA,Huntingdon,6045,14.9
TN,Coffee,8105,14.9
TN,Franklin,5866,14.9
TN,Washington,18442,14.9
TX,Colorado,3101,14.9
TX,Hill,5229,14.9
VA,Waynesboro city,3282,14.9
WV,Hancock,4337,14.9
AR,Pulaski,57780,15.01
HI,Hawaii,29604,15.01
IL,Johnson,1660,15.01
IL,Kankakee,15750,15.01
IA,Webster,5071,15.01
KS,Brown,1431,15.01
MD,Wicomico,14696,15.01
MO,Miller,3720,15.01
OK,Stephens,6387,15.01
PA,Cambria,19126,15.01
PA,Clearfield,11130,15.01
TN,Cannon,2106,15.01
TX,Comanche,2003,15.01
TX,Gaines,3087,15.01
TX,Panola,3418,15.01
UT,Cache,18068,15.01
VT,Caledonia,4365,15.01
WA,Lewis,11610,15.01
AR,Perry,1549,15.1
FL,Duval,138069,15.1
ID,Idaho,2400,15.1
KY,Carlisle,721,15.1
KY,Larue,2093,15.1
MN,Cass,4397,15.1
MO,Boone,25432,15.1
MO,Polk,4568,15.1
NM,Harding,104,15.1
NY,Jefferson,16133,15.1
NC,Gaston,32751,15.1
NC,Johnston,29365,15.1
NC,Person,5882,15.1
OH,Columbiana,14948,15.1
PA,Cameron,683,15.1
PA,Tioga,5936,15.1
TX,Ward,1711,15.1
WI,Ashland,2238,15.1
WI,Forest,1321,15.1
WI,Iron,841,15.1
AR,Calhoun,772,15.2
AR,White,11477,15.2
CA,Mariposa,2641,15.2
CO,Montezuma,3944,15.2
FL,Volusia,79877,15.2
GA,Dade,2328,15.2
IL,Fulton,4890,15.2
KS,Ellis,4199,15.2
KY,McCracken,9743,15.2
KY,Washington,1792,15.2
MI,Muskegon,25478,15.2
MO,Montgomery,1675,15.2
NY,Orleans,5845,15.2
NC,Davidson,24941,15.2
NC,Transylvania,5010,15.2
OH,Allen,14723,15.2
OH,Monroe,2080,15.2
OK,Pottawatomie,10514,15.2
OR,Marion,50264,15.2
TN,Giles,4345,15.2
TN,Henderson,4161,15.2
TN,Roane,7955,15.2
TX,Goliad,1136,15.2
TX,Kenedy,63,15.2
TX,Rusk,7293,15.2
TX,Taylor,20000,15.2
TX,Wood,6470,15.2
VT,Orleans,3962,15.2
AK,Yakutat,92,15.3
CA,Yuba,11609,15.3
FL,Baker,3900,15.3
FL,Orange,201528,15.3
GA,DeKalb,112844,15.3
GA,Haralson,4393,15.3
IL,Massac,2159,15.3
IL,White,2072,15.3
IL,Williamson,9993,15.3
IN,Randolph,3739,15.3
IA,Black Hawk,19469,15.3
IA,Johnson,21574,15.3
KS,Greenwood,921,15.3
KS,Labette,3027,15.3
KS,Wilson,1303,15.3
KY,Harrison,2834,15.3
KY,Henry,2418,15.3
NM,Sandoval,21684,15.3
NY,Chemung,12391,15.3
NC,Rowan,20790,15.3
ND,Grant,360,15.3
OR,Grant,1082,15.3
SC,Pickens,17775,15.3
TN,Anderson,11482,15.3
TX,Briscoe,233,15.3
TX,Montague,2952,15.3
TX,Stonewall,208,15.3
UT,Carbon,3016,15.3
VA,Cumberland,1498,15.3
WV,Pendleton,1054,15.3
AL,Colbert,8324,15.4
GA,Union,3550,15.4
IL,Peoria,27364,15.4
IL,Richland,2385,15.4
IL,Sangamon,29676,15.4
IN,Adams,5397,15.4
KY,Livingston,1406,15.4
MI,Presque Isle,1944,15.4
NC,Clay,1685,15.4
OH,Clark,20082,15.4
OH,Trumbull,30109,15.4
TX,Concho,412,15.4
TX,Throckmorton,235,15.4
VA,Page,3618,15.4
AL,Coffee,7954,15.5
CA,San Joaquin,113375,15.5
CO,Sedgwick,358,15.5
FL,Hillsborough,214442,15.5
ID,Boundary,1834,15.5
ID,Canyon,33022,15.5
IL,Montgomery,4075,15.5
IN,Fayette,3517,15.5
KS,Neosho,2389,15.5
KY,Boyle,4130,15.5
ME,Piscataquis,2562,15.5
MS,Lamar,9431,15.5
MO,DeKalb,1406,15.5
MO,Stone,4866,15.5
MO,Webster,5817,15.5
NC,New Hanover,34283,15.5
OH,Crawford,6357,15.5
OK,Murray,2094,15.5
OR,Curry,3493,15.5
TX,Liberty,12132,15.5
TX,Waller,7315,15.5
VA,Westmoreland,2742,15.5
VA,Hampton city,20069,15.5
AR,Cleburne,3852,15.6
GA,Walker,10520,15.6
IL,McLean,25273,15.6
IL,Perry,2932,15.6
KS,Barton,4027,15.6
KS,Woodson,481,15.6
KY,Bracken,1273,15.6
MI,Ontonagon,905,15.6
MO,Buchanan,13197,15.6
MO,Laclede,5434,15.6
MO,Saline,3321,15.6
MO,Scotland,755,15.6
MO,Vernon,3077,15.6
MT,Lincoln,3001,15.6
NE,Garden,292,15.6
OH,Fayette,4370,15.6
OR,Umatilla,11330,15.6
SD,McPherson,349,15.6
TN,Lawrence,6684,15.6
TX,Bexar,299023,15.6
TX,Smith,34767,15.6
UT,Iron,7821,15.6
AK,Lake and Peninsula,253,15.7
ID,Clearwater,1242,15.7
ID,Washington,1571,15.7
KY,Owen,1683,15.7
MD,Dorchester,4962,15.7
MI,Arenac,2326,15.7
MN,Wadena,2079,15.7
MO,Shelby,916,15.7
MT,Hill,2511,15.7
MT,Toole,660,15.7
NJ,Essex,123806,15.7
NY,Cortland,6890,15.7
NC,Durham,47090,15.7
NC,Franklin,10129,15.7
NC,Gates,1802,15.7
OH,Coshocton,5665,15.7
OH,Perry,5585,15.7
OR,Harney,1122,15.7
PA,Erie,41288,15.7
SD,Beadle,2782,15.7
SD,Day,842,15.7
TN,Houston,1258,15.7
TN,Marion,4407,15.7
TN,Polk,2582,15.7
TN,Sullivan,24258,15.7
TX,Victoria,14191,15.7
CO,Logan,2932,15.8
IL,Randolph,4402,15.8
KS,Cherokee,3129,15.8
KS,Elk,387,15.8
LA,Lafourche,15279,15.8
NE,Loup,96,15.8
NV,Nye,6778,15.8
NM,Lincoln,3040,15.8
NY,Cattaraugus,11836,15.8
NC,Nash,14560,15.8
NC,Randolph,22342,15.8
NC,Swain,2226,15.8
OH,Hardin,4613,15.8
OK,Alfalfa,765,15.8
OK,Marshall,2540,15.8
TX,Erath,6016,15.8
TX,Mills,754,15.8
TX,Young,2787,15.8
WA,Adams,3040,15.8
AL,Tuscaloosa,31238,15.9
AR,Garland,15384,15.9
AR,Independence,5799,15.9
FL,Walton,10493,15.9
GA,Madison,4602,15.9
ID,Owyhee,1821,15.9
IL,Pike,2403,15.9
IN,Lake,76220,15.9
KS,Douglas,17779,15.9
KS,Lyon,5055,15.9
ME,Somerset,7941,15.9
MO,Schuyler,705,15.9
MT,Deer Lodge,1342,15.9
NY,Fulton,8400,15.9
NC,Ashe,4267,15.9
NC,Hoke,8464,15.9
OH,Montgomery,81984,15.9
OK,Oklahoma,122953,15.9
TX,Bowie,13959,15.9
TX,Harris,733605,15.9
VA,Covington city,861,15.9
CA,San Bernardino,339748,16.01
IL,St. Clair,41174,16.01
IN,St. Joseph,41378,16.01
KY,Ballard,1257,16.01
KY,Caldwell,1988,16.01
KY,Greenup,5609,16.01
MS,George,3760,16.01
MO,Clark,1052,16.01
MO,Lawrence,6038,16.01
MO,Lewis,1478,16.01
MO,Pettis,6639,16.01
MT,Meagher,285,16.01
OH,Franklin,201260,16.01
OR,Benton,13776,16.01
SC,Oconee,12237,16.01
TN,Rhea,5064,16.01
TN,White,4219,16.01
TX,Bosque,2866,16.01
TX,Jackson,2316,16.01
TX,Wharton,6627,16.01
WV,Taylor,2620,16.01
WV,Tyler,1389,16.01
AL,Cleburne,2365,16.1
AZ,Cochise,19219,16.1
AR,Prairie,1306,16.1
FL,Gilchrist,2675,16.1
FL,Polk,107844,16.1
ID,Lemhi,1257,16.1
IL,Knox,7485,16.1
IL,Marion,5952,16.1
KY,Daviess,15714,16.1
KY,Warren,19562,16.1
MO,Barry,5678,16.1
MO,Henry,3446,16.1
MO,Sullivan,988,16.1
NM,Lea,10704,16.1
NY,Oneida,35154,16.1
NC,Rutherford,10557,16.1
NC,Surry,11479,16.1
PA,Clarion,5979,16.1
SC,Horry,52862,16.1
TN,Stewart,2134,16.1
TX,Freestone,2896,16.1
TX,Hamilton,1322,16.1
TX,Leon,2759,16.1
TX,Nueces,57008,16.1
FL,Marion,55880,16.2
IN,Crawford,1697,16.2
KY,Henderson,7288,16.2
LA,Plaquemines,3741,16.2
MI,Ogemaw,3334,16.2
MO,Greene,45036,16.2
NC,McDowell,7138,16.2
NC,Macon,5585,16.2
OH,Hamilton,128431,16.2
OH,Noble,1893,16.2
OK,Lincoln,5616,16.2
OK,Washita,1755,16.2
OR,Lincoln,7812,16.2
PA,Clinton,5954,16.2
TX,Hockley,3584,16.2
TX,Lamar,7915,16.2
TX,Schleicher,485,16.2
VA,Henry,8183,16.2
WV,Marion,8882,16.2
WV,Tucker,1088,16.2
WY,Fremont,6291,16.2
CA,Lassen,3790,16.3
CA,Mendocino,14156,16.3
GA,Chatham,45057,16.3
GA,Clayton,45572,16.3
IN,Scott,3814,16.3
IN,Switzerland,1714,16.3
MN,Blue Earth,10319,16.3
MS,Smith,2608,16.3
MS,Stone,2727,16.3
MO,Livingston,2166,16.3
MT,Silver Bow,5487,16.3
NY,Allegany,6925,16.3
NY,New York,262605,16.3
NY,Oswego,18492,16.3
NC,Caldwell,13222,16.3
NC,Craven,15942,16.3
NC,Rockingham,14628,16.3
ND,Sheridan,220,16.3
OH,Ross,11584,16.3
OK,Creek,11514,16.3
TX,Calhoun,3497,16.3
TX,Titus,5256,16.3
WA,Pend Oreille,2153,16.3
AR,Carroll,4523,16.4
FL,Escambia,48602,16.4
KY,McLean,1491,16.4
LA,Union,3623,16.4
MO,Pike,2656,16.4
MT,Garfield,212,16.4
NC,Harnett,21178,16.4
TN,Gibson,7906,16.4
TN,Unicoi,2860,16.4
TX,Upshur,6651,16.4
TX,Wilbarger,2031,16.4
WA,Clallam,12090,16.4
WA,Cowlitz,17302,16.4
FL,Columbia,10720,16.5
GA,Lamar,2881,16.5
GA,Whitfield,17059,16.5
ID,Latah,6030,16.5
KY,Fayette,50981,16.5
MS,Tate,4494,16.5
MO,Putnam,782,16.5
NJ,Passaic,82865,16.5
NC,Yancey,2903,16.5
OH,Marion,9699,16.5
PA,Potter,2734,16.5
SD,Gregory,686,16.5
TX,Gregg,19769,16.5
WV,Monroe,2193,16.5
AL,Houston,17095,16.6
AL,Jackson,8539,16.6
AZ,Pima,165811,16.6
CO,Fremont,6467,16.6
IN,Wayne,10521,16.6
IA,Wayne,1060,16.6
KY,Calloway,5914,16.6
MI,Crawford,2267,16.6
MI,Gladwin,4136,16.6
MO,Dade,1234,16.6
NC,Burke,14482,16.6
NC,Forsyth,60638,16.6
OK,Kay,7168,16.6
OK,Roger Mills,614,16.6
OR,Lane,60773,16.6
TX,Burleson,2946,16.6
AL,Jefferson,107752,16.7
AR,Pope,10036,16.7
CO,Delta,4982,16.7
FL,Miami-Dade,452649,16.7
IL,Stephenson,7389,16.7
KS,Allen,2020,16.7
KY,Bourbon,3295,16.7
LA,St. James,3532,16.7
MI,Baraga,1237,16.7
MI,Marquette,10446,16.7
MO,Harrison,1400,16.7
NE,Hayes,149,16.7
NC,Mitchell,2466,16.7
TN,Hamblen,10533,16.7
TN,Hawkins,9331,16.7
TN,Sequatchie,2416,16.7
TX,Gonzales,3420,16.7
UT,Piute,231,16.7
AL,Chilton,7303,16.8
AL,Lawrence,5494,16.8
AR,Hot Spring,5225,16.8
GA,Liberty,9989,16.8
KS,Chautauqua,550,16.8
KS,Montgomery,5266,16.8
LA,Bossier,20997,16.8
MO,Jasper,19719,16.8
OH,Highland,7134,16.8
OK,Comanche,18665,16.8
OK,Osage,7642,16.8
OK,Texas,3415,16.8
TN,Bedford,7976,16.8
TX,Brown,6099,16.8
TX,Crockett,591,16.8
TX,Eastland,2961,16.8
TX,Palo Pinto,4726,16.8
TX,Wichita,20057,16.8
VA,Carroll,4947,16.8
WV,Harrison,11220,16.8
AR,Lawrence,2682,16.9
ID,Butte,437,16.9
IA,Appanoose,2060,16.9
IA,Story,14508,16.9
KY,Edmonson,2036,16.9
MO,Randolph,3791,16.9
NM,Eddy,9492,16.9
OH,Brown,7219,16.9
SC,Richland,64234,16.9
TN,Bradley,17369,16.9
TN,Chester,2694,16.9
TN,Pickett,844,16.9
TX,Atascosa,8217,16.9
TX,Hunt,15389,16.9
TX,Navarro,8105,16.9
TX,Refugio,1198,16.9
WA,Pacific,3612,16.9
WV,Hampshire,3891,16.9
AL,Henry,2882,17.01
AL,Randolph,3771,17.01
AR,Little River,2076,17.01
AR,Madison,2755,17.01
CA,Shasta,30155,17.01
GA,Glynn,14304,17.01
GA,Greene,2904,17.01
KY,Garrard,2943,17.01
KY,Madison,14330,17.01
LA,Vermilion,10118,17.01
MD,Allegany,10883,17.01
MI,Chippewa,5570,17.01
MI,Iosco,4194,17.01
MS,Hancock,7921,17.01
MO,Nodaway,3213,17.01
NE,Dawes,1359,17.01
NC,Jackson,6656,17.01
OK,Carter,8014,17.01
OK,Nowata,1721,17.01
TN,Hickman,3950,17.01
TX,Gray,3466,17.01
TX,Rains,1984,17.01
WV,Jackson,4867,17.01
WI,Sawyer,2731,17.01
WI,Vernon,5157,17.01
IN,Starke,3900,17.1
IA,Decatur,1233,17.1
KY,Butler,2152,17.1
LA,Jefferson,74274,17.1
MA,Hampden,77905,17.1
MI,Kalkaska,2984,17.1
MO,Stoddard,4938,17.1
NE,Sioux,205,17.1
OK,Garvin,4707,17.1
SC,Georgetown,10418,17.1
TN,DeKalb,3342,17.1
TN,McNairy,4372,17.1
TX,San Saba,913,17.1
AL,Cherokee,4381,17.2
AR,Conway,3543,17.2
GA,Carroll,19466,17.2
GA,Murray,6765,17.2
GA,Putnam,3698,17.2
MS,Pearl River,9265,17.2
MO,Audrain,4030,17.2
MO,Benton,3230,17.2
MO,Cedar,2377,17.2
MO,Marion,4694,17.2
MT,Musselshell,787,17.2
NC,Cherokee,4760,17.2
OK,Mayes,6923,17.2
OR,Jefferson,3927,17.2
PA,Centre,24611,17.2
TN,Macon,4072,17.2
TX,Bailey,1191,17.2
TX,Castro,1337,17.2
TX,Cherokee,8467,17.2
TX,Henderson,13666,17.2
TX,Scurry,2649,17.2
VA,Newport News city,29521,17.2
AZ,Mohave,34891,17.3
GA,Glascock,515,17.3
IL,Lawrence,2341,17.3
MI,Berrien,26055,17.3
MT,Rosebud,1577,17.3
OK,Beckham,3422,17.3
PA,Mc Kean,6614,17.3
SC,Edgefield,4146,17.3
TN,Dyer,6360,17.3
TX,Harrison,11315,17.3
TX,McLennan,42008,17.3
TX,Runnels,1742,17.3
WA,Ferry,1297,17.3
WV,Monongalia,16945,17.3
AL,Coosa,1823,17.4
AL,Walker,10975,17.4
ID,Shoshone,2143,17.4
IL,Jefferson,6247,17.4
IN,Madison,21478,17.4
KY,Fleming,2499,17.4
LA,Lafayette,41306,17.4
NC,Pamlico,2082,17.4
OK,Cimarron,372,17.4
OK,Jackson,4240,17.4
OK,Latimer,1710,17.4
TN,Meigs,2070,17.4
TX,Jack,1345,17.4
TX,Live Oak,1922,17.4
TX,Robertson,2952,17.4
VA,Charlotte,2073,17.4
AR,Crawford,10896,17.5
AR,Union,6801,17.5
CA,Yolo,36761,17.5
IN,Vanderburgh,30495,17.5
KY,Graves,6396,17.5
MI,Saginaw,32447,17.5
NV,Mineral,768,17.5
NM,Valencia,12951,17.5
NY,Broome,32094,17.5
TN,Lewis,2074,17.5
TN,Madison,16341,17.5
TN,Trousdale,1448,17.5
TN,Van Buren,986,17.5
TX,Delta,915,17.5
VA,Buckingham,2600,17.5
VA,Mecklenburg,5222,17.5
WV,Preston,5496,17.5
AK,Hoonah-Angoon,376,17.6
CO,Lincoln,806,17.6
GA,Crawford,2138,17.6
GA,Jasper,2426,17.6
IN,Marion,163573,17.6
KS,Cowley,5867,17.6
KY,Ohio,4180,17.6
MS,Carroll,1715,17.6
NM,Union,616,17.6
NC,Chowan,2434,17.6
NC,Madison,3619,17.6
OH,Jefferson,11251,17.6
SD,Roberts,1763,17.6
TN,Monroe,8035,17.6
VA,Scott,3689,17.6
AL,Calhoun,19832,17.7
AL,Covington,6447,17.7
AL,Dale,8528,17.7
CA,Siskiyou,7679,17.7
FL,Jefferson,2276,17.7
KY,Montgomery,4845,17.7
MS,Prentiss,4307,17.7
MO,St. Francois,10499,17.7
MT,Pondera,1020,17.7
NE,Keya Paha,140,17.7
NY,Chautauqua,21835,17.7
OK,Blaine,1652,17.7
OK,Pittsburg,7376,17.7
OR,Baker,2772,17.7
TN,Crockett,2525,17.7
TN,Greene,11888,17.7
TX,Baylor,620,17.7
TX,Deaf Smith,3286,17.7
TX,Motley,217,17.7
VA,Smyth,5305,17.7
AL,Lee,27901,17.8
GA,Rabun,2899,17.8
KY,Union,2581,17.8
NY,Montgomery,8632,17.8
NC,Montgomery,4719,17.8
OR,Josephine,15143,17.8
TN,Overton,3847,17.8
VA,Accomack,5715,17.8
GA,Thomas,7862,17.9
KY,Breckinridge,3537,17.9
KY,Logan,4780,17.9
MA,Suffolk,134360,17.9
MS,Tippah,3855,17.9
MS,Tishomingo,3437,17.9
MO,Grundy,1710,17.9
NY,Delaware,7661,17.9
OH,Jackson,5707,17.9
OH,Lucas,75376,17.9
OK,Pontotoc,6561,17.9
PA,Fayette,22854,17.9
VA,Halifax,6036,17.9
AR,Franklin,3165,18.01
FL,Jackson,7264,18.01
FL,Leon,50010,18.01
GA,Schley,938,18.01
IN,Tippecanoe,31692,18.01
KY,Mason,3019,18.01
KY,Todd,2162,18.01
MI,Oscoda,1482,18.01
NC,Perquimans,2406,18.01
OK,Johnston,1929,18.01
SC,Saluda,3625,18.01
SC,Union,4871,18.01
TN,Jackson,2062,18.01
TX,Collingsworth,528,18.01
TX,Foard,214,18.01
TX,Grimes,4528,18.01
TX,Hardeman,714,18.01
TX,Matagorda,6540,18.01
TX,Polk,8060,18.01
AL,Clay,2363,18.1
AL,Etowah,18257,18.1
AR,Clay,2673,18.1
CA,Alpine,202,18.1
CA,Butte,40728,18.1
GA,Lincoln,1409,18.1
KY,Crittenden,1602,18.1
LA,St. John the Baptist,7777,18.1
NC,Graham,1518,18.1
NC,Wilson,14481,18.1
OH,Cuyahoga,221287,18.1
OK,Okmulgee,6767,18.1
TX,Aransas,4544,18.1
TX,Howard,5409,18.1
TX,Lynn,1047,18.1
VA,Tazewell,7163,18.1
WA,Yakima,44726,18.1
WV,Kanawha,32592,18.1
AL,Chambers,6036,18.2
CO,Prowers,2128,18.2
CO,Pueblo,29408,18.2
IL,Fayette,3604,18.2
KY,Taylor,4365,18.2
MS,Chickasaw,3031,18.2
MS,Lincoln,6136,18.2
MS,Monroe,6434,18.2
NV,Pershing,873,18.2
OH,Guernsey,7042,18.2
OK,Bryan,8219,18.2
SC,Calhoun,2646,18.2
TX,Real,608,18.2
TX,San Jacinto,5094,18.2
WV,Wood,15268,18.2
AL,Talladega,14062,18.3
AL,Tallapoosa,7311,18.3
AR,Marion,2965,18.3
GA,Butts,3889,18.3
KS,Bourbon,2609,18.3
LA,Vernon,8662,18.3
MI,Genesee,73568,18.3
SC,Greenwood,12431,18.3
TN,Grainger,4197,18.3
TN,Henry,5828,18.3
TX,Hudspeth,789,18.3
TX,Madison,2136,18.3
WA,Grays Harbor,12780,18.3
AZ,Coconino,23946,18.4
AR,Cross,3047,18.4
AR,Johnson,4758,18.4
CA,Kings,24810,18.4
CO,Rio Grande,2041,18.4
IL,Pope,760,18.4
IN,Grant,11312,18.4
KS,Wyandotte,30151,18.4
LA,La Salle,2519,18.4
MO,Phelps,7661,18.4
NJ,Cumberland,26129,18.4
OH,Mahoning,40879,18.4
OK,Delaware,7734,18.4
TX,Morris,2274,18.4
VA,Richmond,1343,18.4
WV,Lewis,2922,18.4
AK,Prince of Wales-Hyder,1183,18.5
AR,Pike,1940,18.5
KY,Green,2021,18.5
MO,Dallas,3032,18.5
MT,Liberty,429,18.5
MT,Wheatland,383,18.5
NM,Otero,11742,18.5
NC,Wilkes,12516,18.5
OK,Cotton,1062,18.5
OK,Pawnee,3005,18.5
SC,McCormick,1560,18.5
TX,Potter,21038,18.5
VA,Portsmouth city,16935,18.5
WV,Greenbrier,6381,18.5
WV,Ritchie,1772,18.5
AR,Sebastian,23469,18.6
GA,Berrien,3515,18.6
IL,McDonough,5008,18.6
IL,Saline,4332,18.6
MO,Knox,723,18.6
MO,Madison,2233,18.6
NY,Tompkins,17027,18.6
NC,Avery,2806,18.6
NC,Cumberland,58888,18.6
OH,Adams,5092,18.6
SC,Florence,25235,18.6
TX,Jefferson,44734,18.6
TX,Kimble,812,18.6
VA,Northampton,2157,18.6
AL,Lamar,2570,18.7
GA,Franklin,4127,18.7
GA,Stephens,4713,18.7
MI,Gogebic,2588,18.7
MT,Powell,973,18.7
TN,Hardin,4753,18.7
AR,Miller,8005,18.8
AR,Yell,3969,18.8
KY,Nicholas,1318,18.8
LA,Pointe Coupee,4167,18.8
MI,Roscommon,4419,18.8
MN,Beltrami,8329,18.8
MT,Lake,5612,18.8
NC,Cleveland,17958,18.8
TN,Benton,2970,18.8
TX,Anderson,8388,18.8
TX,DeWitt,3445,18.8
VA,Lynchburg city,13132,18.8
FL,Glades,2312,18.9
GA,Hart,4725,18.9
GA,Heard,2187,18.9
IL,Gallatin,955,18.9
IN,Knox,6587,18.9
KS,Crawford,7021,18.9
LA,Assumption,4212,18.9
LA,East Baton Rouge,82191,18.9
NM,Chaves,11885,18.9
NM,Curry,9114,18.9
NY,Franklin,8454,18.9
NY,St. Lawrence,18544,18.9
OR,Lake,1405,18.9
TN,Shelby,173777,18.9
TX,Lubbock,55533,18.9
WV,Pocahontas,1526,18.9
AZ,Yuma,37751,19.01
GA,Brantley,3520,19.01
GA,Polk,7828,19.01
IL,Union,3183,19.01
MI,Luce,982,19.01
MT,Golden Valley,151,19.01
OH,Gallia,5528,19.01
SC,Newberry,7080,19.01
SD,Tripp,1010,19.01
TN,Putnam,14277,19.01
TN,Union,3645,19.01
TX,Cass,5614,19.01
TX,San Patricio,12613,19.01
AR,Howard,2535,19.1
FL,Bradford,4533,19.1
GA,Long,3550,19.1
ID,Madison,7360,19.1
KY,Hickman,821,19.1
MI,Calhoun,24904,19.1
MS,Alcorn,6936,19.1
MO,McDonald,4315,19.1
OK,Atoka,2504,19.1
SC,Sumter,19818,19.1
TX,Limestone,4192,19.1
VA,Grayson,2779,19.1
WV,Marshall,5823,19.1
WI,Milwaukee,177959,19.1
CA,Modoc,1658,19.2
GA,Floyd,17913,19.2
IL,Champaign,37106,19.2
LA,St. Martin,10246,19.2
OR,Klamath,12659,19.2
TN,Campbell,7495,19.2
WV,Wirt,1105,19.2
AL,Marion,5582,19.3
AR,Izard,2444,19.3
KY,Christian,12545,19.3
KY,Hopkins,8521,19.3
LA,Jefferson Davis,5952,19.3
MO,Hickory,1805,19.3
NC,Caswell,4117,19.3
OH,Ashtabula,18127,19.3
SC,Chester,6178,19.3
SC,Fairfield,4287,19.3
TX,Milam,4744,19.3
TX,Nolan,2778,19.3
TX,Terrell,156,19.3
VA,Bristol city,3206,19.3
VA,Roanoke city,18940,19.3
AL,Fayette,3146,19.4
AR,Randolph,3331,19.4
GA,Pierce,3711,19.4
IL,Vermilion,14553,19.4
IN,Vigo,18964,19.4
KY,Muhlenberg,5632,19.4
MO,Crawford,4590,19.4
TN,Decatur,2227,19.4
TX,McCulloch,1515,19.4
AL,DeKalb,13785,19.5
AR,Nevada,1594,19.5
AR,Sevier,3286,19.5
GA,McIntosh,2734,19.5
IL,Coles,9377,19.5
IL,Franklin,7468,19.5
MI,Gratiot,6919,19.5
OH,Lawrence,11563,19.5
TN,Carroll,5187,19.5
TX,Red River,2345,19.5
TX,Stephens,1682,19.5
WY,Albany,7075,19.5
GA,Chattahoochee,1525,19.6
GA,Peach,5091,19.6
TX,Tyler,3813,19.6
WV,Randolph,5172,19.6
AL,Mobile,80116,19.7
CA,Humboldt,26262,19.7
CO,Baca,684,19.7
LA,Terrebonne,21712,19.7
MS,Harrison,39266,19.7
MS,Lawrence,2490,19.7
MO,Morgan,3893,19.7
AR,Ashley,3980,19.8
AR,Newton,1534,19.8
AR,Van Buren,3214,19.8
FL,Highlands,20051,19.8
MI,Ingham,53746,19.8
NM,Colfax,2320,19.8
NY,Kings,518422,19.8
OH,Vinton,2566,19.8
OK,Craig,2683,19.8
AL,Crenshaw,2722,19.9
AR,Arkansas,3515,19.9
AR,Ouachita,4665,19.9
GA,Meriwether,4139,19.9
GA,Spalding,12754,19.9
LA,Rapides,25427,19.9
OH,Meigs,4531,19.9
OK,McIntosh,3860,19.9
OK,Ottawa,6007,19.9
OR,Coos,12456,19.9
SC,Jasper,5348,19.9
TX,Donley,621,19.9
TX,Hale,6234,19.9
TX,Swisher,1367,19.9
VA,Hopewell city,4434,19.9
WV,Raleigh,14153,19.9
GA,Webster,520,20.01
KY,Hart,3683,20.01
LA,St. Bernard,9166,20.01
OH,Pike,5536,20.01
OK,Pushmataha,2203,20.01
TX,Angelina,16969,20.01
TX,Jasper,6898,20.01
TX,Lamb,2601,20.01
AL,Marshall,18873,20.1
CA,Tehama,12718,20.1
KY,Boyd,9179,20.1
TX,Kinney,684,20.1
WV,Doddridge,1525,20.1
WV,Nicholas,4978,20.1
AL,Bibb,4137,20.2
AL,Washington,3303,20.2
CA,Lake,12817,20.2
GA,Chattooga,4732,20.2
GA,Wayne,5627,20.2
MS,Hinds,46575,20.2
MO,Dent,3076,20.2
MO,Scott,7644,20.2
NC,Pasquotank,7579,20.2
SC,Cherokee,11258,20.2
SD,Clay,2391,20.2
TX,Floyd,1172,20.2
TX,Sabine,2093,20.2
VA,Russell,5396,20.2
WV,Mason,5258,20.2
AR,Drew,3553,20.3
CA,Trinity,2529,20.3
FL,Suwannee,8299,20.3
GA,Bleckley,2334,20.3
GA,Grady,4986,20.3
LA,Webster,7727,20.3
MI,Mecosta,8107,20.3
NM,Grant,5490,20.3
NC,Wayne,24577,20.3
SC,Abbeville,4850,20.3
TN,Morgan,3890,20.3
TX,Camp,2588,20.3
TX,Childress,1133,20.3
VA,Charlottesville city,9333,20.3
KS,Riley,13072,20.4
MS,Grenada,4246,20.4
MS,Newton,4204,20.4
MO,Douglas,2673,20.4
MO,Reynolds,1255,20.4
MO,St. Clair,1857,20.4
OK,Haskell,2584,20.4
WA,Okanogan,8415,20.4
WV,Wayne,8125,20.4
AL,Franklin,6394,20.5
AR,Logan,4340,20.5
GA,Lanier,2085,20.5
GA,Montgomery,1707,20.5
GA,Screven,2765,20.5
GA,Upson,5262,20.5
LA,St. Mary,10249,20.5
MS,Lauderdale,14922,20.5
MS,Perry,2439,20.5
MT,Sanders,2363,20.5
NC,Martin,4645,20.5
NC,Watauga,10129,20.5
OH,Morgan,2961,20.5
OK,Sequoyah,8360,20.5
TX,Uvalde,5423,20.5
VA,Lunenburg,2299,20.5
AR,Fulton,2442,20.6
AR,Scott,2123,20.6
IN,Delaware,22020,20.6
LA,East Feliciana,3501,20.6
MS,Franklin,1583,20.6
OR,Wheeler,274,20.6
TN,Haywood,3573,20.6
TX,Haskell,1071,20.6
TX,Knox,743,20.6
TX,Menard,430,20.6
TX,Mitchell,1400,20.6
TX,Pecos,2792,20.6
WV,Wetzel,3137,20.6
CA,Imperial,35830,20.7
NC,Bladen,6869,20.7
NC,Duplin,12119,20.7
NC,Sampson,12925,20.7
TN,Carter,11454,20.7
TN,Obion,6178,20.7
AK,Dillingham,1015,20.8
CO,Huerfano,1352,20.8
FL,Levy,8329,20.8
KY,Carroll,2155,20.8
LA,Allen,4444,20.8
MS,Clarke,3276,20.8
TN,Lauderdale,5010,20.8
TX,Newton,2739,20.8
TX,Shelby,5247,20.8
VA,Franklin city,1674,20.8
AZ,Graham,7213,20.9
AZ,La Paz,4263,20.9
AR,Bradley,2237,20.9
LA,Tangipahoa,26919,20.9
MO,Carter,1278,20.9
NC,Alleghany,2274,20.9
NC,Warren,3966,20.9
TX,Jones,3084,20.9
VA,Norfolk city,44181,20.9
AR,Dallas,1464,21.01
AR,Poinsett,5000,21.01
KY,Lincoln,5065,21.01
LA,Grant,4067,21.01
LA,West Feliciana,2113,21.01
MN,Mahnomen,1152,21.01
TX,El Paso,172972,21.01
TX,Trinity,3046,21.01
WV,Mercer,12298,21.01
AR,Crittenden,10070,21.1
AR,Montgomery,1856,21.1
CA,Fresno,205046,21.1
FL,Calhoun,2650,21.1
FL,Washington,4646,21.1
KY,Robertson,438,21.1
ME,Washington,6473,21.1
MS,Lafayette,10190,21.1
OK,Caddo,5733,21.1
TN,Perry,1650,21.1
AR,Stone,2617,21.2
CA,Kern,182948,21.2
CA,Madera,31569,21.2
CO,Conejos,1727,21.2
FL,Alachua,53816,21.2
FL,Holmes,3756,21.2
GA,Jeff Davis,3147,21.2
GA,McDuffie,4489,21.2
LA,West Carroll,2234,21.2
MO,Texas,5041,21.2
NM,Catron,754,21.2
OK,Cherokee,9987,21.2
TN,Wayne,3051,21.2
TX,Cottle,293,21.2
TX,Dickens,400,21.2
WV,Barbour,3278,21.2
WV,Roane,2938,21.2
AL,Butler,4154,21.3
AL,Montgomery,46315,21.3
AL,Winston,4980,21.3
CO,Alamosa,3251,21.3
FL,Franklin,2141,21.3
GA,Cook,3637,21.3
KY,Rockcastle,3484,21.3
MS,Jones,14122,21.3
MS,Yalobusha,2626,21.3
AR,Clark,4142,21.4
MS,Warren,9873,21.4
MO,St. Louis city,64108,21.4
OH,Scioto,15481,21.4
TX,Val Verde,10123,21.4
WA,Whitman,9161,21.4
WV,Boone,4741,21.4
MO,Ozark,1954,21.5
TX,Terry,2475,21.5
VA,Brunswick,3093,21.5
VA,Galax city,1363,21.5
AR,Searcy,1695,21.6
FL,Gulf,2810,21.6
GA,Troup,14566,21.6
GA,Worth,4383,21.6
IL,Hardin,850,21.6
IN,Monroe,28462,21.6
TN,Warren,8628,21.6
TX,San Augustine,1735,21.6
AL,Geneva,5659,21.7
GA,Tift,8468,21.7
MS,Greene,2368,21.7
MS,Leake,4573,21.7
NC,Pitt,37388,21.7
TX,Dawson,2475,21.7
FL,Okeechobee,8415,21.8
GA,Dodge,4141,21.8
KY,Allen,4508,21.8
MS,Benton,1792,21.8
MS,Calhoun,3107,21.8
VA,Petersburg city,6804,21.8
GA,Decatur,5607,21.9
MS,Scott,6154,21.9
NC,Hyde,1016,21.9
SC,Darlington,14391,21.9
SC,Laurens,14138,21.9
GA,Irwin,1836,22.01
GA,Ware,7354,22.01
NM,DeBaca,400,22.01
NC,Beaufort,10260,22.01
PA,Forest,1028,22.01
KY,Barren,9477,22.1
MD,Baltimore city,130267,22.1
MI,Lake,2515,22.1
MS,Choctaw,1807,22.1
OK,Coal,1226,22.1
OK,Seminole,5350,22.1
SC,Chesterfield,9993,22.1
TN,Weakley,7006,22.1
TX,Culberson,489,22.1
TX,Karnes,2700,22.1
VA,Nottoway,2914,22.1
AR,Jackson,3292,22.2
FL,Union,2291,22.2
GA,Appling,4003,22.2
GA,Talbot,1382,22.2
GA,Twiggs,1794,22.2
LA,Sabine,5219,22.2
MS,Lowndes,12805,22.2
NC,Anson,5039,22.2
OR,Malheur,6045,22.2
SD,Lyman,853,22.2
AL,Pickens,4093,22.3
GA,Toombs,5934,22.3
MI,Clare,6721,22.3
MO,Howell,8783,22.3
NC,Jones,2115,22.3
TX,Crosby,1300,22.3
TX,Houston,4533,22.3
VA,Norton city,863,22.3
WV,Fayette,9268,22.3
MS,Neshoba,6478,22.4
OK,Le Flore,10751,22.4
SC,Colleton,8325,22.4
TN,McMinn,11621,22.4
VA,Sussex,1967,22.4
GA,Pulaski,2244,22.5
KY,Adair,4044,22.5
KY,Grayson,5724,22.5
MS,Copiah,6249,22.5
MS,Winston,4013,22.5
TN,Claiborne,6801,22.5
VA,Martinsville city,2879,22.5
VA,Williamsburg city,2396,22.5
WV,Braxton,3114,22.5
GA,Laurens,10457,22.6
GA,Muscogee,42476,22.6
MI,Wayne,392205,22.6
MO,Iron,2241,22.6
NM,Guadalupe,872,22.6
NM,Mora,1025,22.6
TX,Edwards,439,22.6
FL,Lafayette,1579,22.7
MS,Forrest,16401,22.7
MS,Panola,7668,22.7
MO,Butler,9488,22.7
WV,Upshur,5252,22.7
AL,Marengo,4356,22.8
GA,Wilkes,2216,22.8
KY,Cumberland,1503,22.8
LA,De Soto,6162,22.8
MS,Marshall,7666,22.8
MO,Washington,5422,22.8
NM,Taos,7405,22.8
TN,Scott,4932,22.8
TX,Marion,2263,22.8
GA,Elbert,4312,22.9
IL,Pulaski,1260,22.9
LA,Iberville,6689,22.9
MO,Wayne,2996,22.9
CA,Merced,61297,23.01
FL,Liberty,1449,23.01
KY,Bath,2812,23.01
MS,Covington,4328,23.01
MS,Simpson,6077,23.01
MS,Wayne,4661,23.01
MS,Webster,2230,23.01
OK,Jefferson,1384,23.01
OK,Tillman,1641,23.01
TN,Cocke,8085,23.01
TN,Grundy,3025,23.01
TN,Hardeman,4963,23.01
VA,Montgomery,20468,23.01
FL,Gadsden,9994,23.1
GA,Burke,5121,23.1
LA,Acadia,14206,23.1
LA,Washington,10371,23.1
NM,San Juan,28936,23.1
NC,Columbus,12220,23.1
TN,Bledsoe,2793,23.1
TX,Walker,12775,23.1
AL,Russell,13078,23.2
AK,Nome,2248,23.2
AK,Yukon-Koyukuk,1237,23.2
LA,St. Helena,2373,23.2
MS,Montgomery,2335,23.2
SC,Clarendon,7526,23.2
AL,Clarke,5541,23.3
AL,Escambia,7971,23.3
AR,Polk,4645,23.3
FL,Hardee,6026,23.3
KY,Johnson,5144,23.3
KY,Russell,4087,23.3
LA,Red River,1944,23.3
MS,Amite,2866,23.3
NE,Thurston,1664,23.3
VA,Wise,8285,23.3
VA,Harrisonburg city,10837,23.3
AR,Lincoln,2302,23.4
KY,Metcalfe,2335,23.4
LA,Caldwell,2190,23.4
NC,Vance,10217,23.4
TN,Fentress,4198,23.4
TX,Presidio,1672,23.4
VA,Prince Edward,4392,23.4
VA,Emporia city,1180,23.4
AR,Jefferson,14957,23.5
CO,Otero,4197,23.5
GA,Wilkinson,2074,23.5
AZ,Santa Cruz,10858,23.6
LA,Evangeline,7609,23.6
OK,Hughes,2775,23.6
AL,Choctaw,3031,23.7
AL,Conecuh,2939,23.7
CO,Las Animas,3180,23.7
GA,Brooks,3665,23.7
GA,Richmond,45089,23.7
GA,Taylor,1904,23.7
KY,Pulaski,15049,23.7
KY,Rowan,5043,23.7
LA,Winn,2982,23.7
TX,Jim Wells,9579,23.7
AL,Monroe,5018,23.8
FL,Taylor,4556,23.8
GA,Miller,1356,23.8
LA,Iberia,16887,23.8
MI,Isabella,15385,23.8
MS,Jasper,3934,23.8
OK,Payne,17537,23.8
AR,Sharp,4098,23.9
FL,Hendry,9525,23.9
GA,Marion,1999,23.9
MO,Ripley,3197,23.9
NM,Quay,1968,23.9
TX,Brazos,49752,23.9
TX,Nacogdoches,14453,23.9
VA,Greensville,1970,23.9
CA,Tulare,110299,24.01
FL,Hamilton,2791,24.01
GA,Jefferson,3643,24.01
TX,Hall,725,24.01
VA,Richmond city,51609,24.01
AZ,Gila,12661,24.1
AR,Lafayette,1622,24.1
MS,Attala,4378,24.1
AR,Hempstead,5208,24.2
GA,Atkinson,2006,24.2
OK,Okfuskee,2689,24.2
AR,Mississippi,10018,24.3
KY,Laurel,14386,24.3
KY,Monroe,2542,24.3
MO,Oregon,2522,24.3
MO,Wright,4390,24.3
NC,Northampton,4647,24.3
TN,Johnson,3855,24.3
CO,Saguache,1608,24.4
FL,Dixie,3627,24.4
NC,Hertford,5225,24.4
NC,Tyrrell,870,24.4
OK,Harmon,631,24.4
SC,Orangeburg,20595,24.4
VA,Danville city,9679,24.4
GA,Ben Hill,4082,24.5
VA,Lexington city,1069,24.5
CA,Del Norte,6113,24.6
GA,Baker,783,24.6
GA,Bulloch,17369,24.6
KY,Powell,2973,24.6
LA,Avoyelles,9243,24.6
LA,Jackson,3635,24.6
MO,Dunklin,7204,24.6
GA,Candler,2590,24.7
LA,Ouachita,37173,24.7
MD,Somerset,5083,24.7
MS,Marion,6013,24.7
NC,Lenoir,13882,24.7
KY,Estill,3498,24.8
NM,Hidalgo,1050,24.8
NC,Richmond,10795,24.8
NC,Washington,2947,24.8
OK,Muskogee,16243,24.8
TN,Clay,1889,24.8
TX,Cochran,695,24.8
WV,Calhoun,1794,24.8
GA,Coffee,9921,24.9
KY,Wayne,5055,24.9
SD,Charles Mix,2238,24.9
GA,Bibb,36728,25.01
VA,Dickenson,3569,25.01
AL,Hale,3654,25.1
KY,Casey,3818,25.1
SC,Hampton,4548,25.1
TX,Reeves,3051,25.1
GA,Baldwin,9944,25.2
TX,Coleman,2103,25.2
GA,Lowndes,27533,25.3
OK,Kiowa,2207,25.3
PA,Philadelphia,388221,25.3
TX,Garza,1114,25.3
KY,Menifee,1609,25.4
LA,Bienville,3369,25.4
MS,Clay,4895,25.4
MO,New Madrid,4369,25.4
AR,Columbia,5512,25.5
GA,Sumter,7169,25.5
MS,Oktibbeha,11489,25.5
NC,Edgecombe,13222,25.5
TX,Kleberg,7504,25.5
GA,Charlton,2670,25.6
GA,Colquitt,11508,25.6
KY,Lewis,3358,25.6
LA,St. Landry,21032,25.6
MO,Adair,5760,25.6
NM,Roosevelt,4545,25.7
WV,Lincoln,5304,25.7
WV,Wyoming,5402,25.7
LA,Caddo,62114,25.8
SC,Lee,4075,25.8
AL,Lowndes,2585,25.9
KY,Perry,6706,25.9
OK,Greer,1216,25.9
UT,San Juan,3895,25.9
AK,Northwest Arctic,1974,26.01
OK,McCurtain,8390,26.01
FL,DeSoto,8766,26.1
GA,Quitman,613,26.1
LA,Orleans,99613,26.1
MS,Walthall,3740,26.1
MT,Roosevelt,2838,26.1
WV,Cabell,23726,26.1
MT,Blaine,1727,26.2
MT,Glacier,3487,26.2
FL,Putnam,18954,26.3
NM,Dona Ana,55541,26.3
OK,Choctaw,3842,26.3
AZ,Navajo,28216,26.4
KY,Clinton,2673,26.4
MO,Pemiscot,4369,26.4
NC,Scotland,8570,26.4
GA,Echols,1038,26.5
GA,Taliaferro,430,26.5
KY,Whitley,9131,26.5
SC,Bamberg,3631,26.5
GA,Clarke,31067,26.6
NM,Sierra,2877,26.6
TX,Bee,6597,26.6
WV,Gilmer,1632,26.6
GA,Early,2707,26.7
GA,Washington,4966,26.7
NM,Torrance,3955,26.7
AR,Woodruff,1726,26.8
MT,Big Horn,3535,26.8
SC,Williamsburg,8050,26.8
TX,Maverick,15411,27.01
ND,Rolette,3884,27.1
NC,Bertie,4896,27.2
OK,Adair,5905,27.2
AR,Monroe,1906,27.3
CO,Costilla,1028,27.3
GA,Tattnall,5677,27.3
TX,Jim Hogg,1413,27.3
TX,Webb,74061,27.3
WV,Clay,2360,27.3
GA,Treutlen,1760,27.4
GA,Mitchell,5488,27.5
SC,Marion,8522,27.5
GA,Clinch,1827,27.6
GA,Dooly,3283,27.6
GA,Emanuel,5890,27.6
GA,Turner,2104,27.6
NC,Greene,5107,27.6
TX,Falls,4280,27.6
WI,Menominee,1256,27.6
AL,Pike,8611,27.7
LA,Concordia,5086,27.7
SC,Barnwell,5833,27.7
TX,Cameron,116191,27.7
LA,Catahoula,2504,27.8
LA,Richland,5407,27.8
AL,Dallas,10796,27.9
GA,Warren,1457,27.9
LA,Franklin,5464,27.9
LA,Lincoln,11963,27.9
NY,Bronx,400473,27.9
TX,Frio,4524,27.9
VA,Buchanan,5734,27.9
GA,Evans,2899,28.01
LA,Morehouse,6937,28.01
MS,Pike,10796,28.01
SC,Marlboro,6717,28.01
NC,Halifax,14009,28.1
WV,Webster,2321,28.1
GA,Bacon,3089,28.2
GA,Dougherty,24373,28.2
KY,Carter,7430,28.2
VA,Lee,6270,28.2
FL,Madison,4633,28.3
NM,Luna,6635,28.3
NM,Socorro,4580,28.3
ND,Benson,1948,28.4
TN,Hancock,1831,28.4
MO,Mississippi,3329,28.5
TX,Duval,3037,28.6
VA,Radford city,4213,28.6
AK,Bethel,5077,28.7
MS,Jefferson Davis,3208,28.7
KY,Pike,16502,28.8
OH,Athens,16259,28.8
WV,Summers,3429,28.8
NM,Rio Arriba,11221,28.9
AR,Desha,3388,29.01
GA,Johnson,2333,29.01
KY,Fulton,1663,29.01
NC,Robeson,37204,29.01
MS,Tunica,2882,29.1
GA,Seminole,2385,29.2
IL,Jackson,15952,29.2
NM,San Miguel,7793,29.2
TX,La Salle,1731,29.2
WV,Logan,9401,29.2
TX,Hidalgo,251593,29.5
GA,Macon,3371,29.6
GA,Crisp,6605,29.7
KY,Elliott,1917,29.7
MS,Kemper,2664,29.8
SC,Dillon,9004,29.8
KY,Wolfe,2129,29.9
TX,Zapata,4282,30.01
AR,Chicot,2974,30.1
KY,Morgan,3418,30.1
NM,Cibola,7316,30.1
GA,Hancock,2190,30.3
IL,Alexander,1889,30.3
LA,Natchitoches,11137,30.3
AL,Macon,5213,30.6
GA,Wilcox,2097,30.7
KY,Letcher,6798,30.8
KY,Leslie,3123,31.01
WV,Mingo,7423,31.01
TX,Dimmit,3217,31.2
KY,Jackson,4160,31.4
TX,Zavala,3642,31.6
WV,McDowell,5793,31.7
AL,Wilcox,3392,32.01
CO,Bent,1285,32.01
TX,Starr,20344,32.01
KY,Magoffin,3974,32.1
KY,Floyd,11536,32.2
KY,Knox,9789,32.2
MS,Bolivar,9765,32.4
MS,Adams,9288,32.5
MS,Washington,14854,32.7
GA,Jenkins,2474,32.8
KY,Lawrence,5101,32.8
GA,Terrell,2789,33.01
AZ,Apache,23426,33.1
GA,Clay,960,33.1
MS,Wilkinson,2558,33.1
AL,Greene,2752,33.2
AL,Barbour,7414,33.4
GA,Randolph,2232,33.6
AR,St. Francis,7357,33.7
KY,Lee,2147,33.7
MS,Yazoo,7775,33.9
MS,Jefferson,2337,34.1
AL,Bullock,2956,34.4
KY,McCreary,5404,34.4
MS,Noxubee,3645,34.5
GA,Telfair,4366,34.6
KY,Knott,5033,34.6
MS,Coahoma,7860,34.8
LA,Tensas,1603,34.9
SD,Bennett,1190,34.9
SD,Dewey,2018,34.9
TX,Brooks,2509,35.01
TX,Willacy,6371,35.01
GA,Calhoun,1662,35.1
MS,Tallahatchie,4104,35.2
MS,Sharkey,1548,35.5
KY,Martin,3591,35.8
AL,Sumter,4238,35.9
MO,Shannon,2923,35.9
ND,Sioux,1541,35.9
GA,Stewart,1601,36.2
KY,Breathitt,4592,36.2
MS,Sunflower,7966,36.2
SD,Jackson,1174,36.2
KY,Bell,9494,36.7
SC,Allendale,2892,36.7
KY,Owsley,1594,36.8
AL,Perry,3180,37.2
AR,Lee,2760,37.3
GA,Wheeler,2010,37.4
AK,Kusilvak,3050,37.5
NM,McKinley,27143,37.8
SD,Mellette,771,38.01
MS,Issaquena,401,38.1
MS,Humphreys,3166,38.4
LA,Madison,3788,38.9
LA,Claiborne,5145,39.5
AR,Phillips,7288,39.8
TN,Lake,1983,39.9
MS,Holmes,6855,40.8
MS,Quitman,2915,40.9
KY,Harlan,10875,41.5
SD,Oglala Lakota,5913,41.5
KY,Clay,7754,41.7
MS,Leflore,11770,42.2
SD,Corson,1773,42.4
MS,Claiborne,3335,42.6
SD,Buffalo,860,43.3
LA,East Carroll,2820,46.7
CO,Crowley,1400,47.4
SD,Todd,5036,50.4
SD,Ziebach,1557,56.7
