us_state,county,days_with_aqi,good_days,moderate_days,unhealthy_sensitive_days,unhealthy_days,very_unhealthy_days,hazardous_days,poverty_estimate,poverty_percentage
AL,Baldwin,271,237,34,0,0,0,0,"22,360",10.1
AL,Clay,107,97,10,0,0,0,0,"2,156",16.6
AL,Colbert,263,252,11,0,0,0,0,"7,998",14.6
AL,DeKalb,361,324,37,0,0,0,0,"12,848",18.2
AL,Elmore,228,208,20,0,0,0,0,"8,753",11.4
AL,Etowah,279,232,47,0,0,0,0,"18,801",18.8
AL,Houston,280,256,24,0,0,0,0,"20,207",19.4
AL,Jefferson,365,157,195,13,0,0,0,"104,288",16.2
AL,Lawrence,112,111,1,0,0,0,0,"5,773",17.7
AL,Madison,361,255,106,0,0,0,0,"41,789",11.5
AL,Mobile,364,258,106,0,0,0,0,"71,784",17.7
AL,Montgomery,365,171,193,1,0,0,0,"34,268",15.8
AL,Morgan,365,306,59,0,0,0,0,"16,146",13.7
AL,Russell,363,268,95,0,0,0,0,"10,823",18.9
AL,Shelby,359,308,44,7,0,0,0,"13,428",6.2
AL,Sumter,361,335,26,0,0,0,0,"4,195",36.4
AL,Tuscaloosa,264,240,24,0,0,0,0,"32,226",16.2
AK,Aleutians East ,121,121,0,0,0,0,0,,
AK,Anchorage ,365,289,67,5,4,0,0,,
AK,Bethel ,317,304,11,1,1,0,0,,
AK,Denali ,361,355,4,1,1,0,0,,
AK,Fairbanks North Star ,365,230,96,18,16,1,4,,
AK,Juneau ,362,308,51,3,0,0,0,,
AK,Kenai Peninsula ,118,115,2,1,0,0,0,,
AK,Matanuska-Susitna ,361,295,63,3,0,0,0,,
AK,North Slope ,110,109,1,0,0,0,0,,
AZ,Apache,359,358,1,0,0,0,0,"23,680",33.4
AZ,Cochise,365,266,99,0,0,0,0,"20,172",16.6
AZ,Coconino,365,289,76,0,0,0,0,"20,817",15.9
AZ,Gila,365,145,164,50,6,0,0,"11,219",21.1
AZ,La Paz,364,304,60,0,0,0,0,"4,593",22.1
AZ,Maricopa,365,66,261,38,0,0,0,"539,670",12.2
AZ,Mohave,365,358,7,0,0,0,0,"33,183",16.0
AZ,Navajo,365,294,70,1,0,0,0,"27,440",25.2
AZ,Pima,365,225,138,2,0,0,0,"142,859",14.0
AZ,Pinal,365,123,209,21,2,3,7,"52,975",12.1
AZ,Santa Cruz,362,280,80,2,0,0,0,"8,688",18.8
AZ,Yavapai,357,299,58,0,0,0,0,"27,845",12.0
AZ,Yuma,365,265,97,3,0,0,0,"41,782",20.4
AR,Arkansas,118,101,17,0,0,0,0,"468,575",16.0
AR,Arkansas,118,101,17,0,0,0,0,"2,714",15.8
AR,Ashley,120,103,17,0,0,0,0,"3,603",18.5
AR,Benton,146,120,26,0,0,0,0,"24,525",8.9
AR,Clark,355,347,8,0,0,0,0,"3,971",20.6
AR,Craighead,49,43,6,0,0,0,0,"17,960",16.9
AR,Crittenden,365,290,74,1,0,0,0,"10,520",22.4
AR,Garland,121,93,28,0,0,0,0,"16,532",16.9
AR,Jackson,117,102,15,0,0,0,0,"3,313",22.9
AR,Newton,365,347,18,0,0,0,0,"1,386",18.1
AR,Polk,361,312,48,1,0,0,0,"3,991",20.2
AR,Pulaski,365,235,130,0,0,0,0,"56,020",14.6
AR,Union,241,196,45,0,0,0,0,"7,216",18.9
AR,Washington,365,284,81,0,0,0,0,"34,731",15.1
CA,Alameda,365,260,97,8,0,0,0,"146,315",8.9
CA,Amador,355,308,45,2,0,0,0,"3,462",9.8
CA,Butte,365,224,136,3,2,0,0,"34,503",16.1
CA,Calaveras,360,299,60,1,0,0,0,"5,477",12.1
CA,Colusa,365,294,71,0,0,0,0,"2,554",12.0
CA,Contra Costa,365,292,69,4,0,0,0,"90,482",7.9
CA,Del Norte,248,236,12,0,0,0,0,"4,445",17.9
CA,El Dorado,365,273,86,6,0,0,0,"16,649",8.7
CA,Fresno,365,139,160,64,2,0,0,"200,873",20.5
CA,Glenn,362,302,60,0,0,0,0,"3,397",12.1
CA,Humboldt,363,353,10,0,0,0,0,"25,136",19.1
CA,Imperial,365,125,219,19,2,0,0,"38,020",22.0
CA,Inyo,365,232,121,6,2,1,3,"2,071",11.7
CA,Kern,365,119,151,87,6,1,1,"164,817",19.0
CA,Kings,365,152,172,37,2,0,2,"21,840",16.0
CA,Lake,360,360,0,0,0,0,0,"11,622",18.3
CA,Los Angeles,365,66,213,57,28,1,0,"1,319,242",13.4
CA,Madera,365,189,163,13,0,0,0,"26,309",17.6
CA,Marin,363,337,25,1,0,0,0,"17,357",6.9
CA,Mariposa,365,221,130,9,5,0,0,"2,565",15.1
CA,Mendocino,361,334,27,0,0,0,0,"11,980",14.0
CA,Merced,365,213,145,7,0,0,0,"46,011",17.0
CA,Mono,365,270,80,6,0,0,9,"1,437",10.1
CA,Monterey,365,330,34,1,0,0,0,"52,484",12.6
CA,Napa,363,330,31,2,0,0,0,"9,897",7.4
CA,Nevada,361,273,83,5,0,0,0,"9,268",9.4
CA,Orange,365,216,133,15,1,0,0,"297,658",9.5
CA,Placer,365,221,134,10,0,0,0,"26,170",6.6
CA,Plumas,341,248,88,5,0,0,0,"2,432",13.2
CA,Riverside,365,75,170,91,29,0,0,"274,953",11.3
CA,Sacramento,365,213,142,10,0,0,0,"192,993",12.6
CA,San Benito,365,326,39,0,0,0,0,"6,518",10.4
CA,San Bernardino,365,55,177,71,54,8,0,"284,359",13.3
CA,San Diego,365,87,253,23,2,0,0,"335,034",10.3
CA,San Francisco,365,313,51,1,0,0,0,"82,616",9.5
CA,San Joaquin,365,231,122,11,1,0,0,"101,772",13.6
CA,San Luis Obispo,365,230,132,3,0,0,0,"31,180",11.6
CA,San Mateo,365,327,36,2,0,0,0,"46,328",6.1
CA,Santa Barbara,365,286,78,1,0,0,0,"51,298",12.0
CA,Santa Clara,365,271,90,4,0,0,0,"116,401",6.1
CA,Santa Cruz,365,347,18,0,0,0,0,"27,531",10.6
CA,Shasta,364,311,53,0,0,0,0,"23,508",13.3
CA,Siskiyou,365,332,29,2,2,0,0,"7,484",17.4
CA,Solano,365,290,74,1,0,0,0,"39,018",9.0
CA,Sonoma,365,348,17,0,0,0,0,"34,758",7.2
CA,Stanislaus,365,201,141,22,1,0,0,"70,741",13.0
CA,Sutter,365,239,124,2,0,0,0,"12,310",12.8
CA,Tehama,365,282,83,0,0,0,0,"10,484",16.3
CA,Trinity,269,246,21,2,0,0,0,"1,986",16.5
CA,Tulare,365,127,157,78,2,1,0,"86,940",18.9
CA,Tuolumne,358,273,83,2,0,0,0,"5,781",11.3
CA,Ventura,365,214,142,9,0,0,0,"68,482",8.2
CA,Yolo,365,284,80,1,0,0,0,"35,608",16.9
CO,Adams,365,223,141,1,0,0,0,"47,464",9.3
CO,Alamosa,107,107,0,0,0,0,0,"3,019",19.6
CO,Arapahoe,365,227,132,6,0,0,0,"47,072",7.2
CO,Archuleta,363,331,30,2,0,0,0,"1,502",10.8
CO,Boulder,365,227,133,5,0,0,0,"33,965",10.7
CO,Clear Creek,290,205,84,1,0,0,0,709,7.4
CO,Delta,365,339,26,0,0,0,0,"4,602",15.1
CO,Denver,365,179,183,2,1,0,0,"86,020",12.1
CO,Douglas,361,236,114,10,1,0,0,"9,622",2.7
CO,El Paso,365,259,106,0,0,0,0,"61,692",8.8
CO,Fremont,32,32,0,0,0,0,0,"6,361",16.1
CO,Garfield,365,309,56,0,0,0,0,"5,694",9.6
CO,Gilpin,143,117,25,1,0,0,0,421,6.8
CO,Gunnison,358,279,78,1,0,0,0,"1,920",11.6
CO,Jackson,102,102,0,0,0,0,0,175,12.6
CO,Jefferson,365,238,111,16,0,0,0,"41,258",7.2
CO,La Plata,365,276,89,0,0,0,0,"6,127",11.3
CO,Larimer,365,208,151,6,0,0,0,"35,894",10.3
CO,Mesa,364,289,75,0,0,0,0,"16,840",11.2
CO,Montezuma,365,280,85,0,0,0,0,"3,856",14.9
CO,Pitkin,121,121,0,0,0,0,0,"1,099",6.2
CO,Prowers,346,343,3,0,0,0,0,"2,159",18.2
CO,Pueblo,126,125,1,0,0,0,0,"29,187",17.8
CO,Rio Blanco,365,311,54,0,0,0,0,624,10.3
CO,Routt,356,353,2,1,0,0,0,"1,820",7.2
CO,San Juan,116,116,0,0,0,0,0,99,13.7
CO,San Miguel,113,112,1,0,0,0,0,804,9.9
CO,Weld,365,252,110,3,0,0,0,"26,547",8.4
CT,Fairfield,365,262,82,18,3,0,0,"83,047",9.0
CT,Hartford,365,301,59,5,0,0,0,"93,694",10.8
CT,Litchfield,365,342,23,0,0,0,0,"12,741",7.1
CT,Middlesex,205,175,23,6,1,0,0,"11,024",7.0
CT,New Haven,365,280,71,12,2,0,0,"99,423",12.0
CT,New London,364,323,34,7,0,0,0,"19,739",7.8
CT,Tolland,212,187,20,5,0,0,0,"10,559",7.8
CT,Windham,360,344,15,1,0,0,0,"12,874",11.5
DE,Kent,365,293,72,0,0,0,0,"22,195",12.7
DE,New Castle,365,259,103,3,0,0,0,"56,289",10.4
DE,Sussex,365,299,66,0,0,0,0,"27,742",12.1
DC,District of Columbia,365,242,118,4,1,0,0,"94,985",14.1
DC,District of Columbia,365,242,118,4,1,0,0,"94,985",14.1
FL,Alachua,364,329,35,0,0,0,0,"46,916",18.4
FL,Baker,361,341,20,0,0,0,0,"3,914",14.9
FL,Bay,357,308,49,0,0,0,0,"20,643",12.1
FL,Brevard,351,336,15,0,0,0,0,"55,578",9.4
FL,Broward,363,303,60,0,0,0,0,"237,486",12.3
FL,Citrus,365,337,28,0,0,0,0,"22,291",15.2
FL,Collier,362,331,31,0,0,0,0,"35,928",9.4
FL,Columbia,363,294,69,0,0,0,0,"10,338",15.6
FL,Duval,361,248,112,1,0,0,0,"126,963",13.5
FL,Escambia,365,290,74,1,0,0,0,"46,519",15.5
FL,Flagler,270,265,5,0,0,0,0,"11,049",9.7
FL,Hamilton,349,313,36,0,0,0,0,"3,794",32.5
FL,Highlands,233,224,9,0,0,0,0,"16,519",15.8
FL,Hillsborough,365,281,78,6,0,0,0,"195,684",13.5
FL,Holmes,362,289,73,0,0,0,0,"3,587",20.1
FL,Indian River,335,324,11,0,0,0,0,"18,179",11.5
FL,Lake,330,301,28,1,0,0,0,"39,419",10.9
FL,Lee,365,328,36,1,0,0,0,"85,295",11.2
FL,Leon,360,275,84,1,0,0,0,"58,203",20.8
FL,Liberty,351,339,12,0,0,0,0,"1,453",23.0
FL,Manatee,365,333,30,2,0,0,0,"44,991",11.3
FL,Marion,365,311,54,0,0,0,0,"52,950",14.9
FL,Martin,352,323,29,0,0,0,0,"14,000",8.9
FL,Miami-Dade,363,317,44,2,0,0,0,"419,056",15.7
FL,Nassau,351,326,25,0,0,0,0,"7,951",9.0
FL,Okaloosa,363,335,28,0,0,0,0,"21,866",10.6
FL,Orange,360,321,39,0,0,0,0,"171,599",12.6
FL,Osceola,364,338,22,4,0,0,0,"49,803",13.4
FL,Palm Beach,357,321,36,0,0,0,0,"168,026",11.4
FL,Pasco,365,336,29,0,0,0,0,"61,716",11.3
FL,Pinellas,365,296,69,0,0,0,0,"108,948",11.4
FL,Polk,365,314,51,0,0,0,0,"99,590",14.0
FL,Putnam,352,347,5,0,0,0,0,"16,318",22.4
FL,Santa Rosa,364,307,57,0,0,0,0,"17,435",9.8
FL,Sarasota,365,323,42,0,0,0,0,"33,144",7.8
FL,Seminole,365,322,42,1,0,0,0,"43,741",9.3
FL,St. Lucie,352,342,10,0,0,0,0,"34,008",10.5
FL,Volusia,350,316,34,0,0,0,0,"70,554",13.1
FL,Wakulla,363,316,47,0,0,0,0,"3,651",12.0
GA,Bibb,365,278,84,3,0,0,0,"33,912",23.2
GA,Charlton,103,100,3,0,0,0,0,"2,804",25.9
GA,Chatham,365,295,70,0,0,0,0,"40,565",14.8
GA,Chattooga,244,231,13,0,0,0,0,"4,085",17.4
GA,Clarke,365,245,120,0,0,0,0,"30,277",25.7
GA,Clayton,119,98,21,0,0,0,0,"45,655",16.0
GA,Cobb,282,224,57,1,0,0,0,"62,275",8.3
GA,Coffee,121,107,14,0,0,0,0,"8,048",20.2
GA,Columbia,245,229,16,0,0,0,0,"8,747",5.6
GA,Dawson,244,225,18,1,0,0,0,"2,267",8.8
GA,DeKalb,365,251,110,3,1,0,0,"95,805",12.9
GA,Dougherty,356,236,118,2,0,0,0,"23,192",27.6
GA,Douglas,245,212,28,5,0,0,0,"15,842",10.9
GA,Floyd,365,217,148,0,0,0,0,"15,537",16.4
GA,Fulton,365,192,166,6,1,0,0,"141,979",13.8
GA,Glynn,279,254,25,0,0,0,0,"12,943",15.4
GA,Gwinnett,355,221,132,2,0,0,0,"85,810",9.2
GA,Hall,340,259,81,0,0,0,0,"27,137",13.5
GA,Henry,363,283,73,7,0,0,0,"18,819",8.1
GA,Houston,354,246,106,1,1,0,0,"17,079",11.0
GA,Lowndes,309,255,54,0,0,0,0,"22,685",20.4
GA,Murray,269,230,39,0,0,0,0,"5,755",14.5
GA,Muscogee,364,274,90,0,0,0,0,"34,694",18.4
GA,Pike,353,307,43,3,0,0,0,"1,615",8.7
GA,Richmond,364,231,131,2,0,0,0,"41,081",21.7
GA,Rockdale,241,186,50,5,0,0,0,"10,873",12.1
GA,Sumter,238,211,27,0,0,0,0,"7,420",26.7
GA,Walker,356,269,87,0,0,0,0,"10,034",14.7
GA,Washington,211,176,34,1,0,0,0,"3,940",21.4
HI,Hawaii,365,357,8,0,0,0,0,"124,650",9.0
HI,Hawaii,365,357,8,0,0,0,0,"26,071",13.1
HI,Honolulu,365,339,26,0,0,0,0,"74,282",7.9
HI,Kauai,365,363,2,0,0,0,0,"6,659",9.3
HI,Maui,362,347,11,3,1,0,0,"17,638",10.7
ID,Ada,365,317,48,0,0,0,0,"44,023",9.4
ID,Bannock,365,344,21,0,0,0,0,"11,554",13.5
ID,Benewah,364,242,111,9,2,0,0,"1,415",15.4
ID,Blaine,314,313,1,0,0,0,0,"1,657",7.2
ID,Boise,365,290,72,2,1,0,0,899,11.6
ID,Bonner,365,316,48,1,0,0,0,"5,689",12.6
ID,Bonneville,357,342,15,0,0,0,0,"10,953",9.3
ID,Butte,361,348,13,0,0,0,0,376,14.6
ID,Canyon,365,311,54,0,0,0,0,"22,828",10.1
ID,Caribou,330,326,2,2,0,0,0,718,10.1
ID,Custer,96,96,0,0,0,0,0,556,13.0
ID,Franklin,364,333,28,3,0,0,0,"1,122",8.2
ID,Idaho,365,297,68,0,0,0,0,"193,741",11.0
ID,Idaho,365,297,68,0,0,0,0,"2,227",13.8
ID,Jerome,353,353,0,0,0,0,0,"3,429",14.2
ID,Kootenai,355,318,37,0,0,0,0,"16,374",10.0
ID,Latah,350,350,0,0,0,0,0,"4,353",11.7
ID,Lemhi,360,269,87,4,0,0,0,"1,070",13.5
ID,Nez Perce,360,309,51,0,0,0,0,"4,372",11.1
ID,Shoshone,365,260,102,3,0,0,0,"2,426",19.1
ID,Twin Falls,365,361,4,0,0,0,0,"9,420",11.0
ID,Valley,357,290,67,0,0,0,0,995,8.8
IL,Adams,241,208,33,0,0,0,0,"7,786",12.3
IL,Champaign,365,281,84,0,0,0,0,"38,566",19.9
IL,Clark,327,314,13,0,0,0,0,"1,636",10.8
IL,Cook,365,150,206,9,0,0,0,"659,687",13.0
IL,DuPage,352,257,92,2,1,0,0,"54,833",6.0
IL,Effingham,245,224,21,0,0,0,0,"3,087",9.2
IL,Hamilton,344,269,74,1,0,0,0,"1,017",12.7
IL,Jersey,347,284,61,2,0,0,0,"2,171",10.4
IL,Jo Daviess,363,351,12,0,0,0,0,"1,965",9.3
IL,Kane,284,229,51,4,0,0,0,"43,305",8.2
IL,La Salle,335,334,1,0,0,0,0,"12,837",12.2
IL,Lake,245,210,33,2,0,0,0,"49,130",7.2
IL,Macon,365,255,110,0,0,0,0,"16,762",16.7
IL,Macoupin,365,348,17,0,0,0,0,"5,934",13.5
IL,Madison,365,192,170,1,2,0,0,"28,284",10.9
IL,McHenry,340,230,108,2,0,0,0,"16,380",5.4
IL,McLean,364,256,108,0,0,0,0,"23,034",14.3
IL,Monroe,286,286,0,0,0,0,0,"1,423",4.2
IL,Peoria,364,284,78,2,0,0,0,"25,825",14.8
IL,Randolph,324,264,60,0,0,0,0,"3,499",12.7
IL,Rock Island,361,281,78,2,0,0,0,"18,669",13.6
IL,Saint Clair,365,272,92,1,0,0,0,,
IL,Sangamon,360,287,73,0,0,0,0,"23,367",12.2
IL,Tazewell,346,346,0,0,0,0,0,"10,576",8.2
IL,Wabash,364,361,3,0,0,0,0,"1,533",13.5
IL,Will,365,260,105,0,0,0,0,"44,518",6.5
IL,Winnebago,341,240,100,1,0,0,0,"44,613",16.1
IN,Allen,365,262,102,1,0,0,0,"39,176",10.5
IN,Bartholomew,364,298,66,0,0,0,0,"9,205",11.2
IN,Boone,351,320,31,0,0,0,0,"4,619",6.9
IN,Brown,365,349,16,0,0,0,0,"1,565",10.5
IN,Carroll,358,333,25,0,0,0,0,"1,739",8.7
IN,Clark,365,287,77,1,0,0,0,"11,267",9.7
IN,Daviess,350,350,0,0,0,0,0,"3,686",11.3
IN,Delaware,352,319,33,0,0,0,0,"22,680",21.5
IN,Dubois,120,102,18,0,0,0,0,"2,465",5.9
IN,Elkhart,365,294,71,0,0,0,0,"19,316",9.6
IN,Floyd,363,338,25,0,0,0,0,"8,161",10.6
IN,Gibson,359,355,4,0,0,0,0,"3,050",9.3
IN,Greene,355,318,37,0,0,0,0,"4,242",13.5
IN,Hamilton,365,268,95,2,0,0,0,"14,199",4.2
IN,Hendricks,361,348,13,0,0,0,0,"8,123",4.9
IN,Henry,119,106,13,0,0,0,0,"5,709",12.9
IN,Howard,361,289,71,1,0,0,0,"9,880",12.2
IN,Huntington,355,345,10,0,0,0,0,"3,407",9.7
IN,Jackson,360,340,20,0,0,0,0,"4,391",10.1
IN,Knox,359,328,31,0,0,0,0,"4,381",12.7
IN,LaPorte,364,305,55,4,0,0,0,,
IN,Lake,365,225,139,1,0,0,0,"69,073",14.5
IN,Madison,365,286,78,1,0,0,0,"16,056",13.1
IN,Marion,365,153,208,4,0,0,0,"143,107",15.2
IN,Monroe,346,296,50,0,0,0,0,"27,710",20.8
IN,Morgan,364,341,23,0,0,0,0,"6,201",8.9
IN,Perry,358,322,36,0,0,0,0,"2,113",12.1
IN,Pike,227,227,0,0,0,0,0,"1,140",9.4
IN,Porter,365,264,93,8,0,0,0,"13,421",8.1
IN,Posey,364,341,23,0,0,0,0,"2,167",8.6
IN,Shelby,365,338,27,0,0,0,0,"4,414",10.1
IN,Spencer,117,101,16,0,0,0,0,"1,728",8.7
IN,St. Joseph,365,276,89,0,0,0,0,"39,848",15.3
IN,Sullivan,116,99,17,0,0,0,0,"2,643",14.4
IN,Tippecanoe,351,284,67,0,0,0,0,"28,780",16.1
IN,Vanderburgh,365,296,69,0,0,0,0,"25,190",14.4
IN,Vigo,365,238,126,1,0,0,0,"20,241",20.8
IN,Wabash,351,319,32,0,0,0,0,"3,163",10.9
IN,Warrick,365,337,28,0,0,0,0,"3,888",6.3
IN,Whitley,352,285,67,0,0,0,0,"2,559",7.7
IA,Black Hawk,363,296,67,0,0,0,0,"17,407",13.7
IA,Bremer,243,228,15,0,0,0,0,"1,581",6.7
IA,Cerro Gordo,118,118,0,0,0,0,0,"3,504",8.5
IA,Clinton,364,268,96,0,0,0,0,"6,009",13.1
IA,Harrison,241,222,19,0,0,0,0,"1,206",8.7
IA,Johnson,364,278,86,0,0,0,0,"22,937",16.0
IA,Lee,120,101,19,0,0,0,0,"4,859",15.0
IA,Linn,365,287,78,0,0,0,0,"24,600",11.1
IA,Montgomery,364,312,52,0,0,0,0,"1,279",13.2
IA,Muscatine,365,300,65,0,0,0,0,"4,249",10.1
IA,Palo Alto,364,305,59,0,0,0,0,952,11.1
IA,Polk,365,306,59,0,0,0,0,"48,468",10.1
IA,Pottawattamie,130,111,19,0,0,0,0,"10,002",11.0
IA,Scott,365,222,141,2,0,0,0,"20,016",11.8
IA,Van Buren,361,310,51,0,0,0,0,895,12.8
IA,Woodbury,118,105,13,0,0,0,0,"12,882",12.8
KS,Chase,118,112,5,1,0,0,0,285,11.4
KS,Ford,304,301,3,0,0,0,0,"4,522",13.8
KS,Johnson,362,336,26,0,0,0,0,"31,666",5.3
KS,Leavenworth,362,347,15,0,0,0,0,"6,255",8.3
KS,Neosho,365,282,82,1,0,0,0,"2,426",15.7
KS,Sedgwick,365,313,52,0,0,0,0,"64,061",12.6
KS,Shawnee,365,294,70,0,1,0,0,"16,817",9.8
KS,Sherman,358,354,4,0,0,0,0,725,12.5
KS,Sumner,365,317,48,0,0,0,0,"2,542",11.4
KS,Trego,364,342,21,0,1,0,0,295,10.8
KS,Wyandotte,365,291,73,1,0,0,0,"33,777",20.6
KY,Bell,263,243,20,0,0,0,0,"7,569",30.3
KY,Boone,239,222,17,0,0,0,0,"9,435",7.1
KY,Boyd,365,313,52,0,0,0,0,"9,186",20.6
KY,Bullitt,243,214,29,0,0,0,0,"6,294",7.8
KY,Campbell,363,299,63,1,0,0,0,"9,833",10.9
KY,Carter,285,278,7,0,0,0,0,"5,207",20.0
KY,Christian,278,251,27,0,0,0,0,"12,219",18.9
KY,Daviess,364,282,81,1,0,0,0,"15,213",15.4
KY,Edmonson,365,290,75,0,0,0,0,"1,925",16.0
KY,Fayette,364,307,57,0,0,0,0,"47,657",15.4
KY,Greenup,362,357,5,0,0,0,0,"5,490",15.9
KY,Hancock,245,208,37,0,0,0,0,"1,055",12.2
KY,Hardin,363,318,45,0,0,0,0,"11,476",10.7
KY,Henderson,363,310,43,10,0,0,0,"7,172",16.3
KY,Jefferson,365,200,163,2,0,0,0,"106,552",14.2
KY,Jessamine,364,340,24,0,0,0,0,"5,744",11.0
KY,Livingston,261,237,24,0,0,0,0,"1,110",12.2
KY,McCracken,361,260,101,0,0,0,0,"9,947",15.5
KY,Morgan,356,341,15,0,0,0,0,"2,997",26.5
KY,Oldham,242,203,38,1,0,0,0,"3,070",4.9
KY,Perry,353,306,47,0,0,0,0,"6,080",24.2
KY,Pike,361,341,20,0,0,0,0,"13,523",24.0
KY,Pulaski,282,267,15,0,0,0,0,"14,392",22.5
KY,Simpson,244,222,22,0,0,0,0,"2,264",12.5
KY,Trigg,353,328,25,0,0,0,0,"2,119",14.6
KY,Warren,348,295,53,0,0,0,0,"19,308",15.4
KY,Washington,364,331,33,0,0,0,0,"1,723",14.4
LA,Ascension,361,319,41,1,0,0,0,"12,011",9.6
LA,Bossier,357,324,33,0,0,0,0,"20,339",16.4
LA,Caddo,356,296,60,0,0,0,0,"56,480",24.1
LA,Calcasieu,365,239,126,0,0,0,0,"37,742",18.9
LA,East Baton Rouge,365,260,103,2,0,0,0,"76,011",17.7
LA,Iberville,365,306,55,4,0,0,0,"5,370",18.7
LA,Jefferson,365,310,55,0,0,0,0,"62,709",14.6
LA,Lafayette,365,283,82,0,0,0,0,"39,646",16.6
LA,Lafourche,360,273,85,2,0,0,0,"16,755",17.5
LA,Livingston,365,279,86,0,0,0,0,"16,700",12.0
LA,Orleans,365,327,38,0,0,0,0,"88,917",23.5
LA,Ouachita,363,335,28,0,0,0,0,"35,315",23.9
LA,Pointe Coupee,351,322,26,3,0,0,0,"4,312",20.0
LA,Rapides,119,107,12,0,0,0,0,"23,052",18.3
LA,St. Bernard,365,251,112,2,0,0,0,"8,967",19.2
LA,St. Charles,362,350,12,0,0,0,0,"5,824",11.1
LA,St. James,365,350,15,0,0,0,0,"3,455",16.6
LA,St. John the Baptist,364,334,30,0,0,0,0,"6,780",16.0
LA,St. Martin,355,330,25,0,0,0,0,"9,811",18.7
LA,St. Tammany,363,306,57,0,0,0,0,"29,707",11.5
LA,Tangipahoa,117,104,13,0,0,0,0,"28,408",21.7
LA,Terrebonne,120,108,12,0,0,0,0,"20,691",19.0
LA,West Baton Rouge,365,289,76,0,0,0,0,"3,734",14.4
ME,Androscoggin,361,345,16,0,0,0,0,"10,871",10.4
ME,Aroostook,365,333,30,1,1,0,0,"10,052",15.5
ME,Cumberland,365,314,51,0,0,0,0,"22,333",7.8
ME,Hancock,365,347,17,1,0,0,0,"5,695",10.6
ME,Kennebec,361,356,5,0,0,0,0,"13,605",11.5
ME,Knox,213,204,9,0,0,0,0,"4,174",10.9
ME,Oxford,334,323,11,0,0,0,0,"7,414",13.0
ME,Penobscot,362,349,13,0,0,0,0,"17,894",12.4
ME,Washington,363,360,3,0,0,0,0,"6,009",19.6
ME,York,231,216,14,1,0,0,0,"15,990",7.9
MD,Allegany,365,332,21,11,1,0,0,"10,038",16.0
MD,Anne Arundel,355,270,78,7,0,0,0,"32,641",5.8
MD,Baltimore,365,263,93,9,0,0,0,"71,496",8.9
MD,Baltimore (City),363,268,89,6,0,0,0,,
MD,Calvert,232,214,18,0,0,0,0,"5,216",5.7
MD,Carroll,241,205,35,1,0,0,0,"8,359",5.1
MD,Cecil,361,290,68,3,0,0,0,"10,469",10.3
MD,Charles,221,202,19,0,0,0,0,"10,268",6.4
MD,Dorchester,365,304,58,3,0,0,0,"5,160",16.4
MD,Frederick,243,198,44,1,0,0,0,"14,538",5.7
MD,Garrett,365,345,20,0,0,0,0,"3,644",12.8
MD,Harford,359,261,89,9,0,0,0,"16,851",6.7
MD,Howard,365,319,46,0,0,0,0,"16,216",5.0
MD,Kent,360,298,61,1,0,0,0,"2,242",12.4
MD,Montgomery,361,313,48,0,0,0,0,"75,836",7.3
MD,Prince George's,365,268,91,6,0,0,0,"76,853",8.7
MD,Washington,360,313,47,0,0,0,0,"17,545",12.3
MA,Barnstable,359,348,11,0,0,0,0,"13,595",6.5
MA,Berkshire,364,320,44,0,0,0,0,"13,321",11.2
MA,Bristol,364,323,41,0,0,0,0,"62,413",11.3
MA,Dukes,352,331,17,4,0,0,0,"1,249",7.3
MA,Essex,364,329,34,1,0,0,0,"68,255",8.8
MA,Franklin,364,326,38,0,0,0,0,"6,403",9.3
MA,Hampden,364,308,56,0,0,0,0,"62,331",13.8
MA,Hampshire,364,332,32,0,0,0,0,"15,342",11.1
MA,Middlesex,364,337,27,0,0,0,0,"108,177",6.9
MA,Norfolk,362,352,10,0,0,0,0,"40,148",5.8
MA,Plymouth,363,336,27,0,0,0,0,"37,885",7.4
MA,Suffolk,365,310,55,0,0,0,0,"126,266",16.7
MA,Worcester,365,314,51,0,0,0,0,"75,546",9.4
MI,Allegan,276,227,45,4,0,0,0,"12,648",10.8
MI,Bay,316,288,28,0,0,0,0,"13,645",13.4
MI,Benzie,247,232,15,0,0,0,0,"1,685",9.6
MI,Berrien,260,232,26,2,0,0,0,"23,806",15.9
MI,Cass,255,229,26,0,0,0,0,"7,558",14.8
MI,Chippewa,58,53,5,0,0,0,0,"5,966",18.3
MI,Clinton,248,243,5,0,0,0,0,"6,164",7.8
MI,Genesee,340,282,58,0,0,0,0,"66,557",16.6
MI,Huron,259,250,9,0,0,0,0,"4,190",13.7
MI,Ingham,365,331,34,0,0,0,0,"47,655",17.3
MI,Kalamazoo,362,312,50,0,0,0,0,"34,247",13.3
MI,Kent,365,310,55,0,0,0,0,"72,323",11.2
MI,Keweenaw,117,116,1,0,0,0,0,217,10.3
MI,Lenawee,358,286,72,0,0,0,0,"11,037",11.8
MI,Macomb,292,251,40,1,0,0,0,"74,273",8.6
MI,Manistee,269,249,19,1,0,0,0,"2,862",12.3
MI,Mason,254,244,10,0,0,0,0,"3,992",13.9
MI,Missaukee,363,334,29,0,0,0,0,"1,633",10.9
MI,Monroe,359,355,4,0,0,0,0,"15,223",10.2
MI,Muskegon,262,236,25,1,0,0,0,"22,745",13.5
MI,Oakland,293,246,45,2,0,0,0,"96,558",7.8
MI,Ottawa,365,313,52,0,0,0,0,"22,048",7.8
MI,Schoolcraft,364,347,17,0,0,0,0,"1,138",14.3
MI,St. Clair,365,275,87,3,0,0,0,"16,375",10.4
MI,Tuscola,355,345,10,0,0,0,0,"5,948",11.6
MI,Washtenaw,365,294,71,0,0,0,0,"44,991",13.0
MI,Wayne,365,155,200,10,0,0,0,"341,821",19.8
MI,Wexford,340,322,18,0,0,0,0,"4,118",12.4
MN,Anoka,364,315,48,1,0,0,0,"21,793",6.2
MN,Becker,360,336,23,1,0,0,0,"3,447",10.2
MN,Beltrami,352,332,18,1,1,0,0,"7,357",16.3
MN,Carlton,356,346,10,0,0,0,0,"3,114",9.1
MN,Cass,350,332,17,1,0,0,0,"3,359",11.4
MN,Cook,334,325,9,0,0,0,0,484,8.9
MN,Crow Wing,359,334,24,1,0,0,0,"6,749",10.5
MN,Dakota,365,306,59,0,0,0,0,"26,714",6.3
MN,Goodhue,216,203,13,0,0,0,0,"3,248",7.1
MN,Hennepin,365,245,120,0,0,0,0,"120,032",9.7
MN,Lake,363,343,20,0,0,0,0,945,9.0
MN,Lyon,362,327,35,0,0,0,0,"2,609",10.6
MN,Mille Lacs,247,239,8,0,0,0,0,"2,914",11.4
MN,Olmsted,364,313,51,0,0,0,0,"10,482",6.7
MN,Ramsey,365,296,69,0,0,0,0,"66,340",12.4
MN,Saint Louis,365,327,37,1,0,0,0,,
MN,Scott,365,314,51,0,0,0,0,"6,157",4.2
MN,Stearns,344,313,31,0,0,0,0,"17,305",11.2
MN,Washington,363,313,48,1,1,0,0,"11,924",4.6
MN,Winona,115,108,7,0,0,0,0,"5,165",11.0
MN,Wright,362,322,40,0,0,0,0,"7,079",5.2
MS,Bolivar,364,270,94,0,0,0,0,"10,665",36.6
MS,DeSoto,364,296,67,1,0,0,0,"17,313",9.4
MS,Forrest,358,298,60,0,0,0,0,"16,776",23.3
MS,Hancock,365,316,49,0,0,0,0,"7,869",16.7
MS,Harrison,363,284,79,0,0,0,0,"35,341",17.5
MS,Hinds,365,256,109,0,0,0,0,"44,973",20.1
MS,Jackson,365,289,75,1,0,0,0,"21,371",15.1
MS,Lauderdale,245,229,16,0,0,0,0,"15,208",21.5
MS,Lee,241,222,19,0,0,0,0,"12,271",14.6
MS,Yalobusha,348,334,14,0,0,0,0,"2,906",24.4
MO,Andrew,245,227,18,0,0,0,0,"1,559",8.9
MO,Boone,245,239,6,0,0,0,0,"29,399",17.2
MO,Buchanan,365,295,70,0,0,0,0,"13,094",15.8
MO,Callaway,245,238,7,0,0,0,0,"4,735",11.6
MO,Cass,365,319,46,0,0,0,0,"8,226",7.9
MO,Cedar,351,285,66,0,0,0,0,"2,529",17.9
MO,Clay,365,295,70,0,0,0,0,"22,470",9.1
MO,Clinton,245,213,32,0,0,0,0,"1,968",9.9
MO,Franklin,364,361,3,0,0,0,0,"9,546",9.3
MO,Greene,365,322,43,0,0,0,0,"40,634",14.4
MO,Iron,365,338,27,0,0,0,0,"2,046",20.8
MO,Jackson,365,265,100,0,0,0,0,"94,823",13.7
MO,Jasper,365,324,40,1,0,0,0,"22,258",18.8
MO,Jefferson,365,292,71,2,0,0,0,"18,767",8.4
MO,Lincoln,245,223,22,0,0,0,0,"5,456",9.4
MO,Monroe,365,357,8,0,0,0,0,"1,143",13.4
MO,New Madrid,365,49,50,145,121,0,0,"3,758",22.5
MO,Perry,245,224,21,0,0,0,0,"1,710",9.1
MO,Saint Charles,365,319,41,4,1,0,0,,
MO,Saint Louis,365,264,98,3,0,0,0,,
MO,Sainte Genevieve,244,229,15,0,0,0,0,,
MO,St. Louis City,365,215,145,5,0,0,0,,
MO,Stoddard,107,103,4,0,0,0,0,"5,249",18.4
MO,Taney,121,117,4,0,0,0,0,"6,818",12.6
MT,Cascade,363,350,12,1,0,0,0,"11,259",14.2
MT,Fergus,365,348,17,0,0,0,0,"1,418",13.2
MT,Flathead,365,302,62,1,0,0,0,"9,689",9.4
MT,Gallatin,365,337,28,0,0,0,0,"11,486",10.3
MT,Lake,93,93,0,0,0,0,0,"5,181",17.2
MT,Lewis and Clark,365,288,75,2,0,0,0,"6,393",9.4
MT,Lincoln,364,222,141,1,0,0,0,"3,440",17.4
MT,Missoula,365,224,137,3,1,0,0,"13,748",11.8
MT,Phillips,365,356,9,0,0,0,0,557,14.3
MT,Powder River,361,329,31,1,0,0,0,227,13.8
MT,Powell,110,106,4,0,0,0,0,846,16.3
MT,Ravalli,364,329,35,0,0,0,0,"4,859",11.2
MT,Richland,365,339,26,0,0,0,0,945,8.8
MT,Roosevelt,93,93,0,0,0,0,0,"2,617",24.3
MT,Rosebud,364,351,13,0,0,0,0,"1,437",16.3
MT,Sanders,365,330,35,0,0,0,0,"1,994",16.7
MT,Sheridan,104,103,1,0,0,0,0,399,12.3
MT,Silver Bow,363,319,44,0,0,0,0,"5,175",15.3
MT,Yellowstone,362,357,4,0,1,0,0,"17,752",11.3
NE,Cass,348,348,0,0,0,0,0,"1,361",5.3
NE,Douglas,365,312,53,0,0,0,0,"57,105",10.2
NE,Hall,97,92,5,0,0,0,0,"6,123",10.2
NE,Knox,355,342,13,0,0,0,0,986,12.2
NE,Lancaster,360,338,22,0,0,0,0,"32,535",10.7
NE,Sarpy,350,298,52,0,0,0,0,"10,930",5.9
NE,Scotts Bluff,113,110,3,0,0,0,0,"4,494",13.0
NE,Thomas,109,106,3,0,0,0,0,100,13.9
NE,Washington,116,107,9,0,0,0,0,"1,386",6.8
NV,Carson City,365,308,57,0,0,0,0,"6,458",12.2
NV,Churchill,353,323,30,0,0,0,0,"2,871",11.7
NV,Clark,365,154,206,5,0,0,0,"296,767",13.3
NV,Douglas,356,346,10,0,0,0,0,"3,930",8.1
NV,Elko,365,363,2,0,0,0,0,"5,714",11.0
NV,Lyon,356,344,12,0,0,0,0,"5,831",10.2
NV,Nye,365,352,12,1,0,0,0,"7,317",16.1
NV,Washoe,365,244,121,0,0,0,0,"49,598",10.7
NV,White Pine,362,294,67,1,0,0,0,"1,126",13.7
NH,Belknap,316,308,8,0,0,0,0,"5,139",8.6
NH,Cheshire,365,348,17,0,0,0,0,"6,977",9.7
NH,Coos,324,314,10,0,0,0,0,"4,062",13.9
NH,Grafton,365,352,13,0,0,0,0,"7,601",9.2
NH,Hillsborough,365,353,12,0,0,0,0,"30,494",7.5
NH,Merrimack,365,360,5,0,0,0,0,"9,194",6.4
NH,Rockingham,365,343,21,1,0,0,0,"15,522",5.1
NJ,Atlantic,365,328,36,1,0,0,0,"29,057",11.3
NJ,Bergen,365,228,132,5,0,0,0,"52,980",5.7
NJ,Camden,365,240,120,5,0,0,0,"53,641",10.7
NJ,Cumberland,361,297,61,3,0,0,0,"19,261",13.8
NJ,Essex,365,265,100,0,0,0,0,"107,745",13.8
NJ,Gloucester,280,242,37,1,0,0,0,"21,602",7.5
NJ,Hudson,365,268,97,0,0,0,0,"90,976",13.7
NJ,Hunterdon,362,295,66,1,0,0,0,"4,794",4.0
NJ,Mercer,365,280,83,2,0,0,0,"41,600",11.9
NJ,Middlesex,362,285,74,3,0,0,0,"68,514",8.5
NJ,Monmouth,240,217,23,0,0,0,0,"37,725",6.2
NJ,Morris,364,336,28,0,0,0,0,"25,678",5.3
NJ,Ocean,349,291,56,2,0,0,0,"53,950",9.0
NJ,Passaic,277,242,34,1,0,0,0,"65,342",13.3
NJ,Union,365,258,107,0,0,0,0,"50,094",9.1
NJ,Warren,364,320,43,1,0,0,0,"7,313",7.1
NM,Bernalillo,365,164,197,4,0,0,0,"103,458",15.5
NM,Catron,111,111,0,0,0,0,0,723,20.6
NM,Chaves,118,117,1,0,0,0,0,"11,376",18.1
NM,Dona Ana,365,170,171,17,3,2,2,"50,726",23.8
NM,Eddy,365,212,134,17,2,0,0,"6,474",11.2
NM,Lea,365,252,109,4,0,0,0,"10,399",15.1
NM,Lincoln,107,107,0,0,0,0,0,"2,657",13.7
NM,Los Alamos,117,117,0,0,0,0,0,683,3.5
NM,Luna,361,349,10,1,0,0,1,"5,488",23.8
NM,Rio Arriba,358,315,43,0,0,0,0,"8,542",22.2
NM,San Juan,365,208,157,0,0,0,0,"24,358",19.9
NM,Sandoval,363,276,87,0,0,0,0,"14,627",10.0
NM,Santa Fe,362,274,87,1,0,0,0,"18,378",12.4
NM,Socorro,92,92,0,0,0,0,0,"4,171",26.0
NM,Taos,358,334,24,0,0,0,0,"5,922",18.2
NM,Valencia,357,270,87,0,0,0,0,"13,210",17.6
NY,Albany,365,322,43,0,0,0,0,"33,970",11.7
NY,Bronx,365,280,82,3,0,0,0,"361,834",26.2
NY,Chautauqua,365,337,27,1,0,0,0,"19,896",16.3
NY,Dutchess,365,353,12,0,0,0,0,"23,693",8.6
NY,Erie,365,310,55,0,0,0,0,"118,386",13.3
NY,Essex,365,332,33,0,0,0,0,"4,338",12.4
NY,Franklin,356,356,0,0,0,0,0,"8,017",18.1
NY,Hamilton,360,358,2,0,0,0,0,433,9.8
NY,Herkimer,222,222,0,0,0,0,0,"8,235",13.7
NY,Jefferson,205,198,7,0,0,0,0,"15,168",14.6
NY,Kings,365,335,30,0,0,0,0,"446,923",17.7
NY,Monroe,365,321,44,0,0,0,0,"90,791",12.7
NY,Nassau,363,344,19,0,0,0,0,"74,435",5.6
NY,New York,365,293,70,2,0,0,0,"2,471,760",13.1
NY,New York,365,293,70,2,0,0,0,"222,672",14.1
NY,Niagara,352,339,13,0,0,0,0,"25,407",12.4
NY,Oneida,355,345,10,0,0,0,0,"31,586",14.6
NY,Onondaga,365,337,28,0,0,0,0,"61,412",13.8
NY,Orange,365,343,22,0,0,0,0,"46,013",12.3
NY,Oswego,321,316,5,0,0,0,0,"17,530",15.6
NY,Putnam,364,348,15,1,0,0,0,"5,016",5.2
NY,Queens,365,292,69,4,0,0,0,"245,941",11.0
NY,Richmond,365,314,51,0,0,0,0,"42,807",9.1
NY,Rockland,365,335,29,1,0,0,0,"40,031",12.5
NY,Saratoga,331,328,3,0,0,0,0,"13,482",6.0
NY,Seneca,360,360,0,0,0,0,0,"4,302",13.7
NY,St. Lawrence,365,279,76,10,0,0,0,"18,348",18.9
NY,Steuben,365,349,16,0,0,0,0,"14,089",15.0
NY,Suffolk,365,300,56,9,0,0,0,"97,920",6.8
NY,Tompkins,365,358,7,0,0,0,0,"15,079",16.9
NY,Wayne,268,253,15,0,0,0,0,"10,093",11.4
NY,Westchester,365,330,34,1,0,0,0,"79,545",8.4
NC,Alexander,305,274,31,0,0,0,0,"4,193",11.7
NC,Avery,363,335,28,0,0,0,0,"2,481",16.4
NC,Beaufort,352,352,0,0,0,0,0,"8,164",17.6
NC,Brunswick,351,325,24,2,0,0,0,"14,423",10.2
NC,Buncombe,365,328,37,0,0,0,0,"31,045",12.2
NC,Caldwell,304,275,29,0,0,0,0,"9,728",12.0
NC,Carteret,259,239,20,0,0,0,0,"7,102",10.4
NC,Caswell,245,236,9,0,0,0,0,"3,438",16.2
NC,Catawba,361,298,63,0,0,0,0,"20,898",13.3
NC,Cumberland,363,282,81,0,0,0,0,"57,342",18.0
NC,Davidson,350,272,78,0,0,0,0,"25,099",15.2
NC,Durham,364,293,71,0,0,0,0,"43,009",14.0
NC,Edgecombe,363,325,38,0,0,0,0,"10,625",21.0
NC,Forsyth,365,236,129,0,0,0,0,"56,484",15.2
NC,Graham,245,191,54,0,0,0,0,"1,391",16.8
NC,Granville,240,195,45,0,0,0,0,"8,313",14.6
NC,Guilford,365,293,72,0,0,0,0,"83,004",16.0
NC,Haywood,364,296,66,2,0,0,0,"6,536",10.6
NC,Hyde,103,101,2,0,0,0,0,853,19.2
NC,Jackson,103,100,3,0,0,0,0,"7,661",19.3
NC,Johnston,363,294,69,0,0,0,0,"25,901",12.5
NC,Lenoir,237,205,32,0,0,0,0,"12,750",23.1
NC,Lincoln,243,178,65,0,0,0,0,"7,682",9.0
NC,Macon,358,343,15,0,0,0,0,"5,093",14.3
NC,Martin,356,322,34,0,0,0,0,"4,589",20.6
NC,Mecklenburg,365,234,121,10,0,0,0,"112,863",10.3
NC,Mitchell,333,325,8,0,0,0,0,"2,180",14.8
NC,Montgomery,365,308,57,0,0,0,0,"4,218",16.1
NC,New Hanover,348,319,29,0,0,0,0,"29,519",13.0
NC,Northampton,153,138,15,0,0,0,0,"4,042",21.6
NC,Person,362,314,48,0,0,0,0,"5,998",15.4
NC,Pitt,352,308,44,0,0,0,0,"33,512",19.2
NC,Rockingham,245,207,38,0,0,0,0,"16,504",18.4
NC,Rowan,365,289,76,0,0,0,0,"19,063",13.9
NC,Swain,362,323,39,0,0,0,0,"2,253",16.1
NC,Union,235,175,57,3,0,0,0,"17,281",7.3
NC,Wake,365,245,120,0,0,0,0,"87,375",8.0
NC,Yancey,244,191,53,0,0,0,0,"2,537",14.2
ND,Billings,365,354,11,0,0,0,0,90,9.7
ND,Burke,365,354,11,0,0,0,0,185,8.8
ND,Burleigh,365,331,34,0,0,0,0,"6,304",6.9
ND,Cass,363,327,34,1,1,0,0,"20,189",11.4
ND,Dunn,365,348,17,0,0,0,0,428,9.8
ND,McKenzie,365,353,12,0,0,0,0,"1,107",7.4
ND,Mercer,365,341,24,0,0,0,0,624,7.7
ND,Oliver,365,339,26,0,0,0,0,207,10.6
ND,Ward,364,347,17,0,0,0,0,"5,859",9.0
ND,Williams,365,309,53,3,0,0,0,"2,366",6.4
OH,Adams,365,361,4,0,0,0,0,"5,200",19.1
OH,Allen,364,303,61,0,0,0,0,"12,452",12.9
OH,Ashtabula,358,334,23,1,0,0,0,"17,508",18.7
OH,Athens,120,116,4,0,0,0,0,"14,839",26.6
OH,Belmont,365,349,16,0,0,0,0,"7,355",11.6
OH,Butler,365,247,105,13,0,0,0,"43,439",11.7
OH,Clark,365,220,143,2,0,0,0,"18,960",14.6
OH,Clermont,358,287,67,4,0,0,0,"16,710",8.2
OH,Clinton,244,203,41,0,0,0,0,"6,041",14.8
OH,Columbiana,350,350,0,0,0,0,0,"12,955",13.2
OH,Cuyahoga,365,188,173,4,0,0,0,"195,758",16.2
OH,Delaware,241,214,27,0,0,0,0,"9,863",4.8
OH,Fayette,355,332,23,0,0,0,0,"3,777",13.6
OH,Franklin,365,244,120,1,0,0,0,"172,890",13.5
OH,Gallia,365,337,26,2,0,0,0,"4,790",16.5
OH,Geauga,230,189,39,2,0,0,0,"5,083",5.5
OH,Greene,243,213,30,0,0,0,0,"15,932",9.9
OH,Hamilton,365,162,197,6,0,0,0,"116,077",14.6
OH,Harrison,293,290,3,0,0,0,0,"2,133",14.5
OH,Jefferson,365,232,131,2,0,0,0,"10,733",17.1
OH,Knox,245,218,27,0,0,0,0,"6,664",11.3
OH,Lake,365,317,43,5,0,0,0,"18,914",8.3
OH,Lawrence,365,328,37,0,0,0,0,"9,482",16.2
OH,Licking,245,223,22,0,0,0,0,"16,038",9.3
OH,Lorain,362,313,49,0,0,0,0,"41,735",13.9
OH,Lucas,365,293,71,1,0,0,0,"75,402",18.0
OH,Madison,245,209,36,0,0,0,0,"3,808",9.6
OH,Mahoning,365,308,57,0,0,0,0,"40,346",18.4
OH,Medina,353,304,49,0,0,0,0,"9,739",5.5
OH,Miami,241,226,15,0,0,0,0,"9,324",8.8
OH,Montgomery,365,229,136,0,0,0,0,"78,917",15.3
OH,Morgan,351,351,0,0,0,0,0,"2,236",15.7
OH,Noble,361,336,25,0,0,0,0,"1,657",14.2
OH,Portage,270,252,18,0,0,0,0,"18,371",11.9
OH,Preble,364,266,98,0,0,0,0,"3,602",8.9
OH,Scioto,365,356,9,0,0,0,0,"15,739",21.9
OH,Stark,365,226,139,0,0,0,0,"46,938",13.0
OH,Summit,365,279,83,3,0,0,0,"75,226",14.2
OH,Trumbull,362,295,67,0,0,0,0,"29,809",15.4
OH,Warren,360,284,73,3,0,0,0,"10,308",4.5
OH,Washington,245,219,26,0,0,0,0,"6,395",11.0
OH,Wood,244,225,19,0,0,0,0,"13,819",11.2
OK,Adair,365,338,27,0,0,0,0,"5,192",23.6
OK,Canadian,355,306,48,1,0,0,0,"11,747",8.1
OK,Carter,365,285,80,0,0,0,0,"6,760",14.3
OK,Choctaw,252,238,14,0,0,0,0,"3,247",22.5
OK,Cleveland,365,231,134,0,0,0,0,"31,942",11.7
OK,Comanche,365,285,80,0,0,0,0,"19,406",17.6
OK,Creek,356,331,24,1,0,0,0,"9,655",13.7
OK,Custer,236,235,1,0,0,0,0,"4,327",15.8
OK,Dewey,365,293,72,0,0,0,0,553,11.6
OK,Garfield,345,339,6,0,0,0,0,"7,520",12.7
OK,Grant,27,27,0,0,0,0,0,474,11.2
OK,Johnston,141,128,13,0,0,0,0,"2,261",21.0
OK,Kay,365,292,72,1,0,0,0,"6,812",16.1
OK,Le Flore,38,35,3,0,0,0,0,"9,848",20.5
OK,Mayes,365,351,14,0,0,0,0,"7,166",17.7
OK,Muskogee,286,269,15,1,1,0,0,"14,622",22.7
OK,Nowata,365,287,77,1,0,0,0,"1,484",15.0
OK,Oklahoma,365,227,137,1,0,0,0,"578,631",15.1
OK,Oklahoma,365,227,137,1,0,0,0,"116,741",14.9
OK,Osage,354,311,43,0,0,0,0,"6,758",14.9
OK,Ottawa,363,289,73,1,0,0,0,"5,569",18.5
OK,Pittsburg,365,272,91,2,0,0,0,"8,136",19.7
OK,Sequoyah,361,325,36,0,0,0,0,"8,864",21.6
OK,Tulsa,365,256,108,1,0,0,0,"91,457",14.3
OR,Baker,360,328,32,0,0,0,0,"2,139",13.6
OR,Benton,365,332,33,0,0,0,0,"14,418",16.5
OR,Clackamas,225,217,7,1,0,0,0,"29,818",7.2
OR,Columbia,363,355,8,0,0,0,0,"4,444",8.6
OR,Coos,107,106,1,0,0,0,0,"9,867",15.6
OR,Crook,365,296,68,1,0,0,0,"2,627",10.9
OR,Deschutes,365,341,19,4,1,0,0,"18,047",9.2
OR,Douglas,347,288,59,0,0,0,0,"12,949",11.8
OR,Grant,349,255,93,1,0,0,0,"1,088",15.3
OR,Harney,364,264,95,5,0,0,0,"1,031",14.2
OR,Jackson,365,295,63,3,4,0,0,"29,613",13.6
OR,Jefferson,365,291,72,2,0,0,0,"3,546",15.0
OR,Josephine,365,283,77,3,2,0,0,"13,663",15.9
OR,Klamath,365,261,98,6,0,0,0,"11,225",16.7
OR,Lake,363,311,51,1,0,0,0,"1,259",17.0
OR,Lane,365,254,103,8,0,0,0,"52,146",13.9
OR,Linn,365,280,83,2,0,0,0,"16,161",12.6
OR,Marion,356,302,54,0,0,0,0,"41,154",12.2
OR,Multnomah,365,321,44,0,0,0,0,"95,902",12.0
OR,Umatilla,365,296,68,1,0,0,0,"10,260",13.9
OR,Union,365,344,21,0,0,0,0,"3,513",13.6
OR,Wallowa,363,333,29,1,0,0,0,875,12.3
OR,Wasco,350,298,52,0,0,0,0,"3,174",12.2
OR,Washington,365,310,54,1,0,0,0,"48,575",8.2
PA,Adams,365,288,77,0,0,0,0,"7,548",7.6
PA,Allegheny,365,138,212,11,4,0,0,"127,238",10.8
PA,Armstrong,365,323,42,0,0,0,0,"7,076",11.1
PA,Beaver,365,248,116,1,0,0,0,"18,879",11.7
PA,Berks,365,279,80,5,1,0,0,"41,916",10.2
PA,Blair,354,281,73,0,0,0,0,"17,657",14.9
PA,Bradford,352,314,38,0,0,0,0,"8,527",14.3
PA,Bucks,357,318,36,3,0,0,0,"35,075",5.7
PA,Cambria,365,296,69,0,0,0,0,"18,583",14.9
PA,Centre,365,267,98,0,0,0,0,"22,610",15.9
PA,Chester,364,266,96,2,0,0,0,"30,184",5.9
PA,Clearfield,359,357,2,0,0,0,0,"10,064",13.7
PA,Cumberland,365,268,92,5,0,0,0,"17,269",7.2
PA,Dauphin,365,286,75,3,1,0,0,"30,942",11.3
PA,Delaware,365,240,118,7,0,0,0,"54,091",9.9
PA,Elk,357,345,12,0,0,0,0,"2,902",9.8
PA,Erie,364,322,42,0,0,0,0,"42,666",16.6
PA,Fayette,360,313,47,0,0,0,0,"21,995",17.5
PA,Franklin,341,324,17,0,0,0,0,"12,313",8.1
PA,Greene,349,329,20,0,0,0,0,"4,708",14.2
PA,Indiana,364,337,27,0,0,0,0,"11,048",14.0
PA,Lackawanna,365,333,32,0,0,0,0,"28,812",14.2
PA,Lancaster,365,238,117,9,1,0,0,"55,968",10.5
PA,Lawrence,361,356,5,0,0,0,0,"10,271",12.3
PA,Lebanon,360,278,78,4,0,0,0,"14,381",10.4
PA,Lehigh,360,293,64,3,0,0,0,"41,397",11.5
PA,Luzerne,361,350,11,0,0,0,0,"46,326",15.2
PA,Lycoming,361,340,21,0,0,0,0,"14,642",13.6
PA,Mercer,365,290,75,0,0,0,0,"13,469",13.1
PA,Monroe,349,340,9,0,0,0,0,"20,201",12.2
PA,Montgomery,362,302,59,1,0,0,0,"48,819",6.0
PA,Northampton,363,286,74,3,0,0,0,"23,228",7.9
PA,Philadelphia,365,244,115,6,0,0,0,"352,748",23.0
PA,Somerset,359,340,19,0,0,0,0,"8,552",12.5
PA,Susquehanna,352,328,24,0,0,0,0,"4,507",11.3
PA,Tioga,361,342,19,0,0,0,0,"5,254",13.4
PA,Warren,365,357,6,2,0,0,0,"5,153",13.5
PA,Washington,365,252,113,0,0,0,0,"19,860",9.9
PA,Westmoreland,354,319,35,0,0,0,0,"35,870",10.5
PA,Wyoming,27,19,8,0,0,0,0,"2,573",9.9
PA,York,365,299,66,0,0,0,0,"40,477",9.2
PR,Adjuntas,117,108,9,0,0,0,0,,
PR,Bayamon,305,288,17,0,0,0,0,,
PR,Caguas,354,334,16,4,0,0,0,,
PR,Catano,348,231,106,10,1,0,0,,
PR,Fajardo,119,104,15,0,0,0,0,,
PR,Guayama,224,220,4,0,0,0,0,,
PR,Guaynabo,362,325,33,4,0,0,0,,
PR,Mayagnez,202,159,43,0,0,0,0,,
PR,Ponce,351,247,98,6,0,0,0,,
PR,San Juan,277,277,0,0,0,0,0,,
RI,Kent,351,328,23,0,0,0,0,"13,152",8.1
RI,Providence,365,298,67,0,0,0,0,"85,644",14.0
RI,Washington,352,322,28,2,0,0,0,"9,524",8.0
SC,Aiken,265,230,35,0,0,0,0,"21,071",12.5
SC,Anderson,225,175,49,1,0,0,0,"25,717",12.9
SC,Berkeley,216,189,27,0,0,0,0,"23,953",10.7
SC,Charleston,357,305,51,1,0,0,0,"46,853",11.7
SC,Chesterfield,364,281,83,0,0,0,0,"8,937",19.9
SC,Colleton,7,7,0,0,0,0,0,"7,823",21.0
SC,Darlington,282,227,55,0,0,0,0,"12,767",19.6
SC,Edgefield,365,299,66,0,0,0,0,"3,839",15.7
SC,Florence,361,323,38,0,0,0,0,"22,950",17.0
SC,Georgetown,92,91,1,0,0,0,0,"10,842",17.5
SC,Greenville,365,237,127,1,0,0,0,"54,815",10.7
SC,Horry,261,205,56,0,0,0,0,"44,197",12.7
SC,Lexington,365,309,56,0,0,0,0,"35,210",11.9
SC,Oconee,365,308,56,1,0,0,0,"10,268",13.1
SC,Pickens,251,175,76,0,0,0,0,"18,055",15.3
SC,Richland,365,282,81,2,0,0,0,"62,567",16.2
SC,Spartanburg,357,249,106,2,0,0,0,"40,129",12.9
SC,York,365,262,95,8,0,0,0,"23,679",8.6
SD,Brookings,365,284,76,5,0,0,0,"3,767",11.9
SD,Brown,122,112,10,0,0,0,0,"3,526",9.4
SD,Codington,361,325,36,0,0,0,0,"2,691",9.7
SD,Custer,362,355,7,0,0,0,0,834,9.6
SD,Hughes,356,350,6,0,0,0,0,"1,491",8.9
SD,Jackson,365,349,16,0,0,0,0,988,29.9
SD,Meade,365,358,7,0,0,0,0,"2,400",8.7
SD,Minnehaha,365,321,43,1,0,0,0,"16,209",8.7
SD,Pennington,361,278,79,4,0,0,0,"13,383",12.0
SD,Union,364,327,37,0,0,0,0,999,6.3
TN,Anderson,365,308,55,2,0,0,0,"11,559",15.3
TN,Blount,365,305,59,1,0,0,0,"13,649",10.5
TN,Claiborne,346,325,21,0,0,0,0,"6,021",19.7
TN,Davidson,365,248,116,1,0,0,0,"84,547",12.6
TN,DeKalb,363,335,28,0,0,0,0,"3,624",18.0
TN,Dyer,360,341,19,0,0,0,0,"6,298",17.3
TN,Hamilton,365,243,122,0,0,0,0,"45,523",12.7
TN,Jefferson,234,197,37,0,0,0,0,"6,622",12.5
TN,Knox,364,269,95,0,0,0,0,"61,334",13.4
TN,Lawrence,330,306,24,0,0,0,0,"7,250",16.7
TN,Loudon,365,313,52,0,0,0,0,"5,182",9.7
TN,Madison,362,330,32,0,0,0,0,"16,421",17.6
TN,Maury,362,352,10,0,0,0,0,"8,059",8.5
TN,McMinn,357,316,41,0,0,0,0,"7,620",14.5
TN,Montgomery,362,339,23,0,0,0,0,"24,633",12.0
TN,Putnam,360,351,9,0,0,0,0,"12,434",16.1
TN,Roane,356,338,18,0,0,0,0,"7,687",14.6
TN,Sevier,364,287,77,0,0,0,0,"12,541",12.9
TN,Shelby,365,239,122,4,0,0,0,"157,667",17.2
TN,Sullivan,365,237,107,21,0,0,0,"23,452",15.1
TN,Sumner,357,284,73,0,0,0,0,"16,330",8.6
TN,Williamson,245,215,30,0,0,0,0,"10,228",4.3
TN,Wilson,231,205,26,0,0,0,0,"10,536",7.4
TX,Bell,365,284,79,2,0,0,0,"48,565",13.8
TX,Bexar,365,196,163,5,1,0,0,"298,018",15.2
TX,Bowie,349,254,94,1,0,0,0,"14,627",16.8
TX,Brazoria,365,325,33,6,1,0,0,"31,116",8.6
TX,Brewster,362,310,52,0,0,0,0,"1,198",13.1
TX,Cameron,365,236,129,0,0,0,0,"106,976",25.5
TX,Collin,365,309,48,7,1,0,0,"62,612",6.1
TX,Culberson,176,158,16,2,0,0,0,424,19.7
TX,Dallas,365,227,132,6,0,0,0,"363,567",14.0
TX,Denton,365,280,73,12,0,0,0,"56,476",6.5
TX,Ector,354,319,35,0,0,0,0,"19,781",12.1
TX,El Paso,365,147,205,11,2,0,0,"154,504",18.8
TX,Ellis,365,300,65,0,0,0,0,"15,932",8.7
TX,Freestone,357,357,0,0,0,0,0,"2,801",15.5
TX,Galveston,365,293,64,8,0,0,0,"38,181",11.3
TX,Gregg,362,322,39,1,0,0,0,"19,832",16.5
TX,Harris,365,179,159,22,4,1,0,"701,075",15.0
TX,Harrison,364,296,67,1,0,0,0,"11,600",17.8
TX,Hidalgo,365,243,120,2,0,0,0,"231,032",26.9
TX,Hood,357,325,31,1,0,0,0,"5,581",9.2
TX,Howard,334,294,36,4,0,0,0,"5,281",17.0
TX,Hunt,364,345,19,0,0,0,0,"14,114",14.8
TX,Hutchinson,359,221,57,79,2,0,0,"2,351",11.4
TX,Jefferson,365,249,109,6,1,0,0,"39,998",16.9
TX,Johnson,352,298,47,7,0,0,0,"19,035",11.0
TX,Kaufman,365,320,45,0,0,0,0,"13,108",9.8
TX,Kleberg,284,234,50,0,0,0,0,"6,804",23.3
TX,Lubbock,330,316,13,1,0,0,0,"53,478",17.9
TX,Maverick,339,287,51,1,0,0,0,"15,491",26.9
TX,McLennan,365,329,36,0,0,0,0,"44,574",18.0
TX,Milam,338,338,0,0,0,0,0,"3,965",16.3
TX,Montgomery,365,306,54,5,0,0,0,"53,807",8.9
TX,Navarro,365,275,80,7,3,0,0,"6,586",13.4
TX,Nueces,365,262,102,1,0,0,0,"58,465",16.5
TX,Orange,365,288,75,2,0,0,0,"10,307",12.5
TX,Parker,363,317,46,0,0,0,0,"11,524",8.2
TX,Polk,344,334,10,0,0,0,0,"7,839",16.7
TX,Potter,365,322,35,8,0,0,0,"22,514",20.3
TX,Randall,354,280,72,2,0,0,0,"12,178",9.0
TX,Robertson,352,352,0,0,0,0,0,"3,499",20.7
TX,Rockwall,323,305,16,2,0,0,0,"4,991",4.8
TX,Rusk,358,316,34,8,0,0,0,"7,426",15.4
TX,Smith,364,326,37,1,0,0,0,"29,285",12.9
TX,Tarrant,365,234,117,14,0,0,0,"211,454",10.2
TX,Titus,348,346,2,0,0,0,0,"5,246",16.3
TX,Travis,365,249,114,2,0,0,0,"134,983",10.8
TX,Victoria,341,319,22,0,0,0,0,"12,924",14.3
TX,Webb,365,258,106,1,0,0,0,"57,053",20.9
UT,Box Elder,364,313,49,2,0,0,0,"4,147",7.5
UT,Cache,365,272,79,14,0,0,0,"16,243",13.1
UT,Carbon,365,265,99,1,0,0,0,"3,255",16.4
UT,Davis,365,265,94,6,0,0,0,"19,344",5.5
UT,Duchesne,365,234,120,7,4,0,0,"2,787",14.2
UT,Garfield,300,258,42,0,0,0,0,460,9.4
UT,Iron,365,329,36,0,0,0,0,"7,013",13.1
UT,Salt Lake,365,172,177,16,0,0,0,"103,036",9.0
UT,San Juan,362,299,63,0,0,0,0,"3,295",21.9
UT,Tooele,365,302,61,2,0,0,0,"3,829",5.3
UT,Uintah,365,223,125,12,4,1,0,"3,920",11.1
UT,Utah,365,253,111,1,0,0,0,"279,435",8.8
UT,Utah,365,253,111,1,0,0,0,"60,411",9.7
UT,Washington,365,291,74,0,0,0,0,"16,590",9.5
UT,Wayne,109,109,0,0,0,0,0,319,11.8
UT,Weber,308,243,63,2,0,0,0,"17,647",6.9
VT,Bennington,365,345,20,0,0,0,0,"3,399",10.0
VT,Chittenden,365,335,30,0,0,0,0,"16,084",10.5
VT,Rutland,365,322,43,0,0,0,0,"6,033",10.8
VT,Windham,104,104,0,0,0,0,0,"4,776",11.6
VI,St Croix,57,51,6,0,0,0,0,,
VI,St John,101,93,8,0,0,0,0,,
VI,St Thomas,268,225,43,0,0,0,0,,
VA,Albemarle,282,264,18,0,0,0,0,"6,882",6.7
VA,Alexandria City,109,109,0,0,0,0,0,,
VA,Arlington,365,305,59,1,0,0,0,"17,774",7.6
VA,Botetourt,355,353,2,0,0,0,0,"1,895",5.7
VA,Bristol City,117,113,4,0,0,0,0,,
VA,Caroline,239,229,10,0,0,0,0,"2,883",9.6
VA,Carroll,61,61,0,0,0,0,0,"4,110",13.9
VA,Charles,356,337,19,0,0,0,0,870,12.5
VA,Chesterfield,280,255,25,0,0,0,0,"22,943",6.6
VA,Covington City,364,357,5,2,0,0,0,,
VA,Fairfax,365,260,103,2,0,0,0,"68,543",6.0
VA,Fairfax,365,260,103,2,0,0,0,"1,667",7.1
VA,Fauquier,233,229,4,0,0,0,0,"4,310",6.1
VA,Frederick,365,333,32,0,0,0,0,"5,731",6.5
VA,Giles,365,306,55,4,0,0,0,"1,890",11.4
VA,Hampton City,364,326,38,0,0,0,0,,
VA,Hanover,243,216,27,0,0,0,0,"5,393",5.1
VA,Henrico,363,329,34,0,0,0,0,"28,486",8.7
VA,Hopewell City,57,57,0,0,0,0,0,,
VA,Loudoun,337,298,38,1,0,0,0,"12,909",3.1
VA,Lynchburg City,108,107,1,0,0,0,0,,
VA,Madison,362,336,26,0,0,0,0,"1,224",9.3
VA,Norfolk City,364,357,7,0,0,0,0,,
VA,Prince Edward,358,351,7,0,0,0,0,"3,852",20.6
VA,Prince William,364,347,17,0,0,0,0,"28,463",6.1
VA,Richmond City,362,311,51,0,0,0,0,,
VA,Roanoke,365,329,36,0,0,0,0,"5,918",6.5
VA,Roanoke,365,329,36,0,0,0,0,"19,049",19.5
VA,Rockbridge,274,263,11,0,0,0,0,"2,525",11.5
VA,Rockingham,365,349,16,0,0,0,0,"6,482",8.1
VA,Salem City,118,113,5,0,0,0,0,,
VA,Stafford,260,244,16,0,0,0,0,"8,097",5.4
VA,Suffolk City,245,223,22,0,0,0,0,,
VA,Virginia Beach City,115,106,9,0,0,0,0,,
VA,Winchester City,57,57,0,0,0,0,0,,
VA,Wythe,242,232,10,0,0,0,0,"3,645",12.8
WA,Adams,360,354,6,0,0,0,0,"3,309",16.8
WA,Asotin,357,292,64,1,0,0,0,"3,092",13.8
WA,Benton,364,303,61,0,0,0,0,"21,437",10.6
WA,Chelan,365,298,66,1,0,0,0,"9,332",12.2
WA,Clallam,365,341,24,0,0,0,0,"8,476",11.2
WA,Clark,364,305,58,1,0,0,0,"44,548",9.2
WA,Columbia,365,340,25,0,0,0,0,484,12.3
WA,Cowlitz,360,338,22,0,0,0,0,"13,729",12.6
WA,Franklin,333,314,19,0,0,0,0,"12,409",13.5
WA,Garfield,358,350,8,0,0,0,0,283,12.9
WA,Grant,365,339,26,0,0,0,0,"13,377",13.9
WA,Grays Harbor,352,348,4,0,0,0,0,"9,422",13.1
WA,Jefferson,365,364,1,0,0,0,0,"3,993",12.6
WA,King,365,280,85,0,0,0,0,"171,116",7.7
WA,Kitsap,340,338,2,0,0,0,0,"19,787",7.5
WA,Kittitas,365,305,60,0,0,0,0,"6,326",14.0
WA,Klickitat,365,339,26,0,0,0,0,"3,013",13.5
WA,Lewis,365,343,22,0,0,0,0,"9,726",12.2
WA,Mason,361,339,22,0,0,0,0,"8,143",12.8
WA,Okanogan,365,260,105,0,0,0,0,"6,828",16.4
WA,Pierce,365,285,78,2,0,0,0,"83,128",9.4
WA,San Juan,112,112,0,0,0,0,0,"1,414",8.1
WA,Skagit,365,361,4,0,0,0,0,"14,314",11.2
WA,Snohomish,364,272,91,1,0,0,0,"56,935",7.0
WA,Spokane,365,301,63,1,0,0,0,"65,750",12.9
WA,Stevens,365,274,90,1,0,0,0,"6,738",14.9
WA,Thurston,365,323,42,0,0,0,0,"26,105",9.1
WA,Walla Walla,365,328,37,0,0,0,0,"7,099",12.7
WA,Whatcom,365,277,78,10,0,0,0,"28,310",12.7
WA,Whitman,365,354,11,0,0,0,0,"11,367",26.3
WA,Yakima,365,227,128,10,0,0,0,"41,218",16.7
WV,Berkeley,278,252,24,2,0,0,0,"12,942",11.0
WV,Brooke,365,317,45,3,0,0,0,"2,551",12.0
WV,Cabell,275,255,20,0,0,0,0,"16,337",18.5
WV,Gilmer,336,333,3,0,0,0,0,"1,536",25.5
WV,Greenbrier,242,222,20,0,0,0,0,"5,814",17.2
WV,Hancock,365,330,35,0,0,0,0,"3,559",12.5
WV,Harrison,111,101,10,0,0,0,0,"7,353",11.1
WV,Kanawha,365,314,51,0,0,0,0,"28,499",16.3
WV,Marion,99,87,12,0,0,0,0,"7,939",14.6
WV,Marshall,354,326,28,0,0,0,0,"4,081",13.7
WV,Mason,360,352,6,2,0,0,0,"3,994",15.5
WV,Mineral,344,321,10,12,1,0,0,"3,266",12.5
WV,Monongalia,364,337,27,0,0,0,0,"18,887",19.1
WV,Ohio,283,249,34,0,0,0,0,"5,504",14.1
WV,Tucker,362,349,13,0,0,0,0,"1,014",15.3
WV,Wood,364,333,31,0,0,0,0,"11,627",14.1
WI,Ashland,364,343,21,0,0,0,0,"2,655",17.8
WI,Brown,365,314,51,0,0,0,0,"25,456",9.9
WI,Columbia,192,184,8,0,0,0,0,"3,776",6.7
WI,Dane,365,287,78,0,0,0,0,"50,163",9.4
WI,Dodge,365,297,67,1,0,0,0,"6,512",8.0
WI,Door,201,191,9,1,0,0,0,"2,549",9.3
WI,Eau Claire,363,305,58,0,0,0,0,"10,586",10.6
WI,Fond du Lac,202,195,7,0,0,0,0,"7,326",7.3
WI,Forest,363,338,25,0,0,0,0,"1,443",16.3
WI,Grant,365,304,60,1,0,0,0,"6,278",13.4
WI,Jefferson,203,191,12,0,0,0,0,"5,824",7.1
WI,Kenosha,365,289,74,2,0,0,0,"16,248",9.8
WI,Kewaunee,210,199,11,0,0,0,0,"1,496",7.4
WI,La Crosse,365,310,55,0,0,0,0,"13,280",11.8
WI,Manitowoc,202,187,15,0,0,0,0,"6,899",8.8
WI,Marathon,205,196,9,0,0,0,0,"11,026",8.2
WI,Milwaukee,365,269,93,3,0,0,0,"156,647",16.9
WI,Oneida,365,363,2,0,0,0,0,"3,117",8.9
WI,Outagamie,365,304,59,2,0,0,0,"13,110",7.1
WI,Ozaukee,363,308,52,3,0,0,0,"3,926",4.5
WI,Racine,203,174,28,1,0,0,0,"23,688",12.4
WI,Rock,203,185,18,0,0,0,0,"19,755",12.3
WI,Sauk,365,311,53,1,0,0,0,"6,471",10.2
WI,Sheboygan,206,180,24,2,0,0,0,"9,051",8.1
WI,Taylor,365,320,45,0,0,0,0,"1,942",9.7
WI,Vilas,362,345,17,0,0,0,0,"2,460",11.2
WI,Walworth,205,189,15,1,0,0,0,"9,532",9.5
WI,Waukesha,365,281,83,1,0,0,0,"18,915",4.7
WY,Albany,365,247,118,0,0,0,0,"5,861",16.0
WY,Big Horn,356,344,12,0,0,0,0,"1,400",12.1
WY,Campbell,365,309,55,1,0,0,0,"3,506",7.7
WY,Carbon,365,325,38,2,0,0,0,"1,638",11.7
WY,Converse,365,317,47,1,0,0,0,"1,256",9.2
WY,Fremont,365,294,69,2,0,0,0,"4,937",12.9
WY,Johnson,364,345,19,0,0,0,0,751,9.0
WY,Laramie,365,305,60,0,0,0,0,"9,194",9.5
WY,Lincoln,365,364,1,0,0,0,0,"1,381",7.0
WY,Natrona,364,327,37,0,0,0,0,"7,735",9.9
WY,Park,307,295,12,0,0,0,0,"2,936",10.3
WY,Platte,60,56,3,1,0,0,0,949,11.5
WY,Sheridan,365,325,40,0,0,0,0,"2,500",8.5
WY,Sublette,365,266,88,8,3,0,0,701,7.2
WY,Sweetwater,365,262,100,3,0,0,0,"3,453",8.3
WY,Teton,365,326,39,0,0,0,0,"1,396",6.0
WY,Uinta,365,315,49,1,0,0,0,"1,699",8.5
WY,Weston,365,340,25,0,0,0,0,692,10.5
